,T,TM,Tm,SLP,H,VV,V,VM,PM2.5
0,7.4,9.8,4.8,1017.6,93,0.5,4.3,9.4,219.72083333333333
1,7.8,12.7,4.4,1018.5,87,0.6,4.4,11.1,182.1875
2,6.7,13.4,2.4,1019.4,82,0.6,4.8,11.1,154.03750000000002
3,8.6,15.5,3.3,1018.7,72,0.8,8.1,20.6,223.20833333333331
4,12.4,20.9,4.4,1017.3,61,1.3,8.7,22.2,200.64583333333337
5,16.0,25.2,10.0,1013.2,79,0.6,4.8,11.1,285.225
6,13.4,21.0,9.2,1015.1,87,0.5,1.5,7.6,236.825
7,14.3,22.6,6.6,1016.3,76,0.8,0.4,3.5,276.90833333333336
8,12.7,18.9,7.3,1021.2,76,1.8,6.1,16.5,108.0
9,11.9,18.9,6.3,1020.1,76,1.1,8.3,20.6,107.625
10,12.2,19.9,6.2,1021.0,69,2.1,4.4,18.3,125.89166666666668
11,13.4,21.1,5.6,1020.0,60,1.9,8.0,22.2,181.01250000000005
12,12.3,21.4,6.4,1019.6,70,1.9,6.7,14.8,152.55416666666667
13,13.7,22.0,7.0,1018.2,63,1.8,7.2,18.3,152.32083333333335
14,14.9,21.9,7.1,1018.3,73,0.6,2.0,7.6,319.7375
15,15.0,24.0,7.6,1017.4,81,0.6,2.2,7.6,332.7083333333333
16,16.3,24.0,12.0,1017.2,80,0.8,1.3,9.4,279.6
17,18.7,26.3,9.5,1015.3,64,1.6,1.7,7.6,179.11666666666667
18,14.6,21.6,9.4,1018.4,72,2.7,9.4,18.3,54.79166666666666
19,14.7,21.7,8.4,1017.1,71,1.8,10.9,22.2,93.375
20,14.8,22.6,8.5,1016.8,67,2.1,9.3,18.3,103.0
21,17.4,25.4,10.3,1015.8,63,1.9,6.7,14.8,132.20833333333334
22,18.1,26.7,10.2,1013.8,61,2.6,5.0,11.1,127.70833333333331
23,18.3,23.2,12.7,1011.2,75,1.9,10.0,22.2,109.33333333333331
24,16.4,22.0,11.2,1015.5,81,1.6,5.9,18.3,56.458333333333336
25,16.9,23.5,10.1,1016.8,80,1.3,5.2,22.2,135.83333333333334
26,19.3,26.9,12.1,1015.6,74,1.6,5.9,11.1,122.5
27,17.2,24.2,10.8,1018.3,74,2.6,4.6,14.8,69.66666666666667
28,17.7,26.5,9.8,1015.3,73,1.4,4.8,14.8,79.83333333333333
29,20.4,28.4,15.2,1014.7,62,2.4,5.0,14.8,62.708333333333336
30,18.2,26.1,12.2,1016.3,54,1.9,24.4,33.5,21.20833333333333
31,19.0,26.8,11.7,1016.3,58,2.6,16.7,29.4,1.9166666666666667
32,18.7,27.8,13.3,1016.2,69,2.4,7.4,25.9,1.8333333333333333
33,22.6,30.6,15.7,1015.4,62,2.6,8.1,20.6,105.83333333333331
34,22.5,31.8,13.7,1014.6,57,2.3,5.9,14.8,117.58333333333331
35,24.0,33.8,13.6,1009.7,53,1.9,4.6,18.3,122.70833333333331
36,23.8,33.0,14.9,1010.4,64,1.9,3.9,11.1,111.95833333333331
37,22.6,33.0,18.1,1013.1,67,2.1,11.3,22.2,59.208333333333336
38,23.0,30.0,14.4,1016.1,55,2.7,6.7,14.8,77.20833333333333
39,24.6,31.7,17.9,1008.5,68,2.3,14.1,27.8,98.70833333333331
40,27.1,34.8,17.7,1009.7,52,1.6,6.1,11.1,123.70833333333331
41,26.1,34.8,17.9,1008.8,54,2.6,11.9,18.3,64.79166666666667
42,23.6,34.3,17.7,1010.4,51,2.6,15.9,22.2,52.333333333333336
43,23.2,29.6,16.7,1008.6,54,1.9,13.1,22.2,52.04166666666666
44,23.8,30.9,16.7,1009.0,52,1.6,6.5,13.0,128.33333333333334
45,24.7,31.5,17.0,1008.6,57,2.1,7.6,14.8,0.0
46,25.6,33.8,17.9,1008.7,47,2.1,4.4,13.0,23.20833333333333
47,25.7,36.0,17.8,1009.0,50,1.8,9.3,14.8,15.166666666666666
48,25.1,36.0,18.3,1009.5,56,2.7,9.1,18.3,21.25
49,29.5,37.0,18.5,1005.2,30,1.9,10.6,22.2,81.83333333333333
50,29.2,37.5,20.0,1006.1,38,2.6,5.9,14.8,105.33333333333331
51,31.1,37.8,21.7,1005.6,34,1.8,8.1,27.8,117.75
52,29.8,36.6,21.4,1007.8,37,1.9,8.1,18.3,84.5
53,28.2,36.6,21.9,1007.1,45,1.9,6.5,16.5,46.91666666666666
54,28.3,36.4,20.1,1004.0,47,1.9,6.3,14.8,104.625
55,29.3,37.9,20.3,1002.9,35,2.3,4.4,11.1,110.875
56,30.5,38.6,20.7,1003.4,36,1.9,7.6,14.8,42.958333333333336
57,28.0,38.6,23.8,1007.3,48,2.3,15.6,25.9,0.0
58,31.1,38.5,23.2,1007.7,45,1.9,3.7,7.6,120.875
59,29.9,38.5,24.3,1008.3,53,1.9,6.7,22.2,79.91666666666667
60,31.4,37.8,22.0,1006.9,38,2.3,13.7,22.2,0.0
61,31.4,39.2,22.8,1002.9,24,1.9,11.5,25.9,94.75
62,29.9,38.8,21.7,1000.8,29,1.9,12.0,24.1,142.5
63,29.7,38.3,21.6,999.3,35,1.9,10.2,22.2,133.375
64,32.8,40.8,25.3,1002.0,36,1.8,7.2,24.1,147.83333333333334
65,34.1,42.0,23.7,1001.4,29,1.9,9.3,18.3,158.29166666666666
66,34.1,42.0,26.8,1000.8,32,1.9,7.8,14.8,149.58333333333334
67,30.9,37.6,23.2,1003.7,44,1.9,3.5,11.1,101.5
68,32.9,39.8,24.7,1001.0,38,1.9,5.6,13.0,106.5
69,30.6,37.4,24.8,1000.8,47,1.9,2.2,7.6,128.125
70,36.2,44.6,25.9,999.2,29,1.9,15.0,27.8,101.95833333333331
71,36.2,44.6,29.2,999.1,32,1.9,10.6,18.3,98.41666666666669
72,36.8,45.1,28.0,999.1,26,1.9,12.0,25.9,94.375
73,37.7,45.0,30.5,998.1,32,1.9,10.0,22.2,107.625
74,36.2,43.6,29.3,998.4,32,2.3,8.1,20.6,110.41666666666669
75,35.6,42.6,30.2,999.3,41,1.9,8.1,20.6,95.83333333333331
76,33.6,40.6,24.8,998.8,47,1.9,10.6,18.3,72.25
77,31.9,40.6,26.7,1002.0,61,1.9,13.5,20.6,38.66666666666666
78,32.4,38.5,26.6,1001.0,63,2.3,13.3,22.2,45.375
79,34.1,40.3,28.8,999.7,59,1.9,10.9,16.5,65.16666666666667
80,34.1,43.2,25.7,997.9,57,1.9,7.4,14.8,66.08333333333333
81,34.2,39.8,29.1,996.7,64,1.9,13.7,18.3,77.66666666666667
82,35.1,40.2,30.2,995.2,52,1.9,8.5,14.8,70.25
83,30.3,39.2,28.8,998.6,75,1.9,10.2,22.2,56.29166666666666
84,30.4,38.6,27.8,997.7,73,1.9,8.0,22.2,77.0
85,29.8,38.6,24.6,997.9,71,2.3,12.6,16.5,32.958333333333336
86,29.7,35.5,24.8,999.0,76,1.9,4.3,14.8,80.625
87,33.0,38.4,25.3,997.6,58,1.8,4.8,13.0,90.70833333333331
88,35.6,41.0,27.3,995.5,49,1.9,7.4,18.3,97.29166666666669
89,31.0,39.4,27.8,999.2,74,1.9,11.5,18.3,50.708333333333336
90,31.2,35.7,27.2,998.4,75,1.9,6.3,14.8,40.375
91,31.2,37.1,27.6,996.8,71,1.9,8.1,20.6,49.41666666666666
92,33.9,39.2,27.8,995.2,62,1.9,8.9,14.8,61.875
93,32.8,37.6,28.4,995.8,67,1.9,9.3,18.3,0.0
94,31.6,37.6,26.9,997.5,76,1.9,6.5,11.1,29.666666666666668
95,31.1,35.0,27.9,1000.1,81,1.9,7.2,11.1,49.125
96,30.3,35.8,27.2,997.5,78,1.9,7.6,14.8,43.66666666666666
97,29.2,35.4,24.6,996.4,81,1.8,7.4,14.8,29.83333333333333
98,31.8,36.7,25.8,998.8,75,1.9,8.3,14.8,35.208333333333336
99,31.1,37.2,28.2,997.5,76,1.9,3.9,11.1,37.625
100,31.7,37.2,26.8,998.3,78,1.9,7.8,11.1,41.458333333333336
101,30.9,35.4,25.8,995.0,77,1.9,10.4,18.3,38.583333333333336
102,26.8,35.4,24.2,999.0,93,1.1,6.3,14.8,36.0
103,29.1,33.8,23.9,996.3,86,1.4,2.6,55.4,70.58333333333333
104,28.5,34.4,26.3,995.5,87,1.6,7.0,14.8,33.166666666666664
105,30.4,35.1,24.8,995.2,77,1.9,5.2,14.8,38.25
106,30.0,35.5,26.2,997.5,83,1.9,3.7,11.1,26.58333333333333
107,29.0,33.7,26.9,996.5,82,1.9,9.8,14.8,15.416666666666666
108,31.1,34.9,25.9,998.2,76,1.9,6.7,11.1,41.375
109,31.8,36.0,27.5,999.6,71,1.9,11.7,18.3,25.541666666666668
110,32.2,36.1,27.4,1000.8,69,1.9,9.3,14.8,28.375
111,28.4,30.6,25.3,1001.8,88,1.4,3.1,7.6,50.333333333333336
112,28.1,30.8,25.8,1000.6,88,1.9,8.0,18.3,35.375
113,27.4,30.8,25.4,1000.8,90,1.9,3.1,9.4,31.916666666666668
114,30.1,34.6,27.2,1000.0,79,1.9,10.2,18.3,35.291666666666664
115,29.7,34.9,26.1,1000.3,79,1.9,8.3,18.3,26.83333333333333
116,27.7,30.7,24.8,1001.8,88,1.9,7.2,14.8,21.125
117,28.4,33.1,26.0,1000.0,86,1.9,5.0,18.3,35.708333333333336
118,27.4,33.5,24.4,999.1,90,1.1,5.4,18.3,43.583333333333336
119,29.2,34.4,24.8,999.0,81,2.1,7.8,29.4,46.04166666666666
120,30.4,36.5,27.8,999.3,82,1.4,2.0,7.6,82.875
121,32.1,36.7,26.8,998.1,74,1.9,6.5,14.8,64.91666666666667
122,32.0,35.5,27.6,999.8,65,2.6,16.9,29.4,30.666666666666668
123,29.1,34.2,25.9,1003.4,76,1.9,5.6,9.4,34.416666666666664
124,30.2,35.6,25.6,1003.6,68,3.1,14.8,22.2,33.166666666666664
125,31.7,35.9,27.0,1003.6,59,2.6,14.4,22.2,30.625
126,31.6,36.3,25.9,1002.7,58,2.7,15.4,25.9,30.33333333333333
127,30.9,35.6,25.0,1004.8,58,2.3,6.9,14.8,0.0
128,29.6,34.2,25.8,1007.3,67,1.9,6.3,14.8,0.0
129,29.3,35.0,24.1,1007.6,70,1.9,4.3,11.1,0.0
130,30.6,36.0,25.8,1007.2,74,1.6,2.8,7.6,76.875
131,31.2,36.4,25.8,1004.4,69,1.9,2.0,7.6,83.45833333333333
132,31.6,36.8,25.9,1001.5,63,2.4,3.9,11.1,71.66666666666667
133,29.9,36.2,23.4,1002.5,66,1.9,1.9,7.6,69.70833333333333
134,28.7,34.1,25.2,1002.9,76,1.9,9.6,51.9,62.375
135,26.3,34.1,24.0,1003.4,87,1.9,6.1,11.1,24.875
136,28.6,35.6,25.3,1005.4,79,2.6,5.7,13.0,43.958333333333336
137,28.6,34.5,24.0,1006.7,81,1.9,3.9,9.4,41.5
138,29.0,34.2,24.3,1005.8,76,1.9,7.4,20.6,38.79166666666666
139,29.1,34.0,23.8,1007.8,72,1.9,6.5,13.0,30.33333333333333
140,28.9,34.9,25.6,1009.5,68,2.6,7.6,13.0,26.666666666666668
141,27.9,33.7,23.2,1008.4,67,2.6,10.0,14.8,29.0
142,29.4,34.5,24.3,1009.1,73,1.8,1.3,3.5,61.708333333333336
143,30.1,34.5,24.8,1010.0,72,1.8,1.5,7.6,60.54166666666666
144,30.1,35.6,24.8,1010.5,72,2.1,4.6,11.1,41.583333333333336
145,27.4,33.1,22.8,1008.0,85,1.6,0.4,3.5,80.04166666666667
146,27.5,32.5,23.0,1007.1,80,1.8,6.1,18.3,82.83333333333333
147,26.6,32.6,21.1,1008.8,76,1.6,3.3,11.1,95.25
148,25.6,33.2,19.5,1011.5,67,1.4,3.7,14.8,126.16666666666669
149,25.0,32.8,17.6,1010.8,69,1.4,1.1,5.4,136.70833333333334
150,24.8,32.3,17.3,1009.7,68,1.4,1.5,7.6,160.66666666666666
151,24.1,30.0,17.5,1011.2,74,1.0,1.5,9.4,245.66666666666663
152,24.3,31.4,18.5,1011.2,72,1.1,0.4,3.5,261.6666666666667
153,23.0,31.0,18.0,1010.6,71,0.8,2.6,9.4,272.4166666666667
154,24.1,30.1,16.7,1014.0,62,1.4,3.3,11.1,149.625
155,23.8,30.5,18.4,1013.5,71,1.6,1.3,3.5,99.70833333333331
156,22.4,28.6,16.3,1014.6,67,1.0,5.4,11.1,217.375
157,20.9,28.1,13.6,1016.0,59,0.8,6.3,18.3,309.375
158,20.1,27.1,14.0,1015.5,78,0.6,3.9,11.1,321.5416666666667
159,18.9,27.1,14.5,1015.2,80,0.6,1.3,7.6,278.0
160,19.1,25.6,12.4,1016.6,79,0.8,0.4,3.5,192.33333333333331
161,17.8,26.2,11.0,1014.3,68,1.0,3.0,11.1,224.16666666666663
162,17.6,25.6,11.2,1015.2,68,1.1,3.5,14.8,196.75
163,17.0,26.6,10.0,1016.5,70,1.1,0.9,7.6,221.54166666666663
164,17.8,26.9,11.4,1015.4,67,1.4,7.2,20.6,166.70833333333334
165,18.2,28.1,10.4,1012.6,61,1.8,2.6,11.1,130.70833333333334
166,18.0,28.5,10.2,1013.2,68,1.1,2.0,11.1,194.70833333333331
167,21.1,28.8,13.8,1012.8,57,1.6,9.4,22.2,134.45833333333334
168,21.3,28.8,15.0,1011.9,58,1.9,9.6,16.5,110.0
169,19.0,28.8,12.5,1014.7,72,1.6,2.8,9.4,160.0
170,18.1,28.0,10.0,1016.1,66,1.4,1.7,7.6,118.91666666666669
171,17.2,28.4,9.8,1015.8,73,1.1,1.9,11.1,176.375
172,17.4,28.4,9.2,1016.6,74,1.1,1.5,11.1,185.95833333333331
173,16.0,26.1,9.1,1014.4,81,1.0,1.1,5.4,239.125
174,16.2,25.3,9.5,1013.4,81,0.8,2.2,14.8,312.2083333333333
175,16.5,24.5,10.8,1012.2,74,1.6,10.2,22.2,121.33333333333331
176,15.4,24.9,8.2,1012.8,82,1.0,0.7,3.5,202.875
177,15.5,24.9,9.4,1015.1,88,0.6,2.6,7.6,260.1666666666667
178,16.3,22.4,10.8,1012.8,91,0.6,3.1,11.1,277.7083333333333
179,15.4,19.7,11.6,1016.0,93,0.6,4.4,9.4,284.1666666666667
180,14.6,15.9,12.5,1016.9,95,0.5,0.4,3.5,288.4166666666667
181,13.6,20.4,7.5,1020.7,67,1.1,10.2,40.7,166.91666666666666
182,12.3,20.6,6.2,1019.4,71,1.3,4.4,18.3,169.0
183,11.9,17.1,6.5,1018.6,84,1.1,1.1,5.4,186.04166666666663
184,14.3,19.2,10.9,1020.5,91,1.6,4.8,11.1,
0,13.2,18.2,9.2,1021.0,92,0.8,7.6,11.1,255.875
1,11.1,18.3,5.0,1020.2,80,1.1,8.0,14.8,217.08333333333331
2,12.7,19.8,5.2,1017.9,78,1.3,5.4,14.8,229.16666666666663
3,11.9,20.7,4.4,1017.9,78,0.8,1.9,7.6,264.9166666666667
4,11.7,20.7,6.5,1017.3,89,0.3,0.9,7.6,404.5
5,13.9,21.6,7.0,1019.6,74,0.8,1.1,9.4,188.5
6,14.9,22.1,8.9,1017.2,78,1.0,2.8,7.6,164.75
7,12.0,22.1,9.6,1019.7,95,0.3,0.4,3.5,376.9166666666667
8,14.5,21.0,8.6,1023.2,88,1.3,3.5,7.6,0.0
9,14.6,22.3,9.0,1021.2,86,1.0,4.4,9.4,0.0
10,13.4,22.3,11.5,1020.6,98,1.4,6.9,13.0,57.0
11,11.7,18.2,9.4,1019.9,96,0.5,8.3,11.1,202.91666666666663
12,14.3,20.3,9.9,1019.1,88,0.6,8.9,14.8,205.125
13,16.6,24.0,10.1,1018.8,75,1.3,10.0,14.8,214.125
14,14.8,21.1,10.0,1019.3,86,0.5,3.0,11.1,315.7916666666667
15,13.9,21.1,10.8,1019.8,83,0.8,2.6,7.6,322.25
16,15.3,24.4,6.8,1016.9,79,0.6,1.9,7.6,246.04166666666663
17,18.6,27.8,8.9,1014.4,65,1.3,5.6,57.6,200.91666666666663
18,19.7,26.4,15.1,1009.3,72,1.6,15.0,29.4,99.5
19,13.8,26.4,9.6,1011.3,88,1.0,8.1,14.8,143.91666666666666
20,12.7,19.5,7.0,1012.0,66,1.4,9.3,25.9,100.25
21,15.3,22.6,5.6,1013.6,67,1.6,4.8,11.1,165.0
22,13.1,22.6,11.0,1011.8,97,1.1,5.4,11.1,116.45833333333331
23,12.6,17.7,9.2,1012.6,91,0.6,3.9,7.6,143.0
24,15.1,23.3,7.1,1016.7,77,0.8,1.9,7.6,231.125
25,16.1,24.5,8.2,1014.8,80,0.6,1.9,9.4,218.66666666666663
26,17.2,24.6,9.0,1014.2,75,1.4,8.9,14.8,211.0
27,17.9,25.2,10.3,1017.4,70,1.1,0.9,7.6,52.208333333333336
28,18.9,26.2,12.5,1014.4,72,1.3,2.4,9.4,187.5
29,18.6,25.3,13.0,1013.3,80,1.1,7.2,22.2,130.16666666666666
30,16.3,21.3,12.0,1015.1,90,1.1,4.3,13.0,123.125
31,16.1,21.8,10.0,1017.1,82,1.3,5.7,11.1,120.91666666666669
32,17.8,25.7,10.5,1016.3,67,2.1,3.7,11.1,153.625
33,18.4,25.9,11.0,1017.0,65,2.3,6.7,14.8,130.33333333333334
34,19.8,27.1,12.8,1017.2,66,2.6,9.8,24.1,110.70833333333331
35,22.3,29.0,14.0,1014.6,61,2.3,5.0,13.0,138.5
36,18.9,27.1,12.8,1016.1,65,2.6,9.8,18.3,75.75
37,19.7,27.6,12.0,1015.2,66,1.9,5.7,13.0,146.54166666666666
38,21.4,29.7,12.6,1016.4,65,1.4,2.8,9.4,116.625
39,21.7,28.4,16.2,1013.1,61,2.3,10.2,22.2,80.04166666666667
40,21.5,29.2,15.0,1010.8,59,2.6,7.4,18.3,100.04166666666669
41,22.4,32.5,14.5,1007.2,68,2.1,5.4,11.1,109.45833333333331
42,24.6,32.7,16.5,1010.6,64,1.8,2.8,11.1,110.16666666666669
43,25.2,32.7,19.1,1010.7,64,1.9,2.8,11.1,108.20833333333331
44,23.4,29.1,19.6,1011.7,69,1.9,4.8,9.4,103.83333333333331
45,24.2,30.8,17.0,1008.2,48,1.9,13.1,22.2,74.29166666666667
46,24.9,33.2,16.8,1006.2,49,2.6,9.6,25.9,101.79166666666669
47,26.8,35.2,17.7,1005.7,50,1.9,7.2,14.8,106.16666666666669
48,25.1,35.2,18.0,1010.4,53,2.1,10.4,25.9,89.875
49,27.2,38.0,21.0,1009.7,55,1.9,13.0,18.3,48.208333333333336
50,25.8,32.2,19.5,1010.3,49,2.6,12.6,18.3,47.04166666666666
51,25.7,32.8,17.5,1010.3,41,2.6,12.8,25.9,67.79166666666667
52,27.0,37.2,22.6,1009.8,49,1.9,15.6,27.8,56.66666666666666
53,27.7,34.5,21.5,1010.6,55,1.9,5.2,13.0,79.0
54,29.1,36.5,20.5,1009.2,53,1.8,2.6,11.1,123.58333333333331
55,25.6,32.3,20.0,1011.4,64,1.9,5.0,14.8,80.29166666666667
56,26.8,33.6,19.2,1010.5,53,1.6,4.6,11.1,137.875
57,28.1,35.8,18.6,1010.0,40,1.9,8.7,16.5,87.875
58,30.5,38.8,20.6,1006.0,41,2.4,8.1,22.2,121.20833333333331
59,31.5,38.8,22.1,1006.2,39,2.4,8.1,16.5,97.04166666666669
60,30.6,38.7,21.5,1007.0,36,1.9,8.3,18.3,92.08333333333331
61,34.8,42.8,24.2,1001.7,30,2.3,9.6,18.3,130.625
62,34.5,41.7,26.2,1001.8,33,1.9,6.5,11.1,90.5
63,31.8,41.7,26.2,1003.7,43,1.9,7.4,18.3,55.41666666666666
64,31.8,38.6,24.2,1004.3,54,1.9,1.9,7.6,108.33333333333331
65,32.2,39.5,25.2,1002.1,45,1.6,9.3,16.5,198.875
66,30.7,39.5,21.4,1000.5,43,1.6,6.5,14.8,120.70833333333331
67,25.2,30.6,18.0,1008.2,71,2.6,10.0,20.6,60.54166666666666
68,26.9,32.1,19.0,1006.6,62,1.8,8.5,18.3,79.0
69,29.7,35.4,23.0,1004.1,48,1.8,11.1,16.5,133.70833333333334
70,32.3,39.1,24.0,1006.6,36,2.3,11.7,24.1,53.25
71,31.9,38.8,26.5,1006.0,39,2.3,8.7,22.2,65.16666666666667
72,32.8,38.6,24.8,1002.3,40,1.9,9.6,18.3,83.58333333333333
73,32.4,40.6,23.2,1005.2,45,2.7,8.9,14.8,40.66666666666666
74,30.0,36.4,21.4,1007.2,60,2.6,4.1,14.8,48.125
75,31.8,38.8,24.0,1004.8,54,1.9,2.6,7.6,103.16666666666669
76,34.6,42.8,25.0,999.6,46,1.8,6.3,18.3,143.375
77,32.9,41.6,25.6,1003.0,44,2.9,17.4,55.4,44.79166666666666
78,32.8,39.9,25.0,1003.3,48,2.6,4.6,14.8,71.95833333333333
79,34.8,41.7,26.5,1000.0,40,2.6,6.5,14.8,17.5
80,38.5,44.9,30.8,994.0,31,1.9,13.1,29.4,101.0
81,37.8,45.1,28.6,993.3,34,1.9,6.7,18.3,76.20833333333333
82,37.9,45.5,30.1,993.1,38,1.9,5.9,16.5,84.33333333333333
83,30.3,41.1,22.7,997.7,62,2.6,16.7,29.4,48.833333333333336
84,30.5,37.1,25.5,997.3,73,2.6,6.5,22.2,64.45833333333333
85,33.9,40.6,28.0,997.0,59,2.1,8.1,25.9,80.54166666666667
86,35.6,41.4,28.4,993.2,55,1.9,10.9,18.3,65.41666666666667
87,37.9,43.0,31.0,991.5,44,2.3,17.8,25.9,54.66666666666666
88,36.9,41.7,32.7,994.0,49,1.9,9.8,24.1,78.54166666666667
89,33.3,39.0,25.3,997.7,56,1.9,9.8,16.5,49.125
90,32.4,38.1,23.5,1000.8,66,1.9,3.3,7.6,65.875
91,34.7,39.9,28.8,1001.5,55,1.9,9.4,22.2,72.41666666666667
92,31.2,35.2,27.0,1000.9,71,1.9,6.3,11.1,184.66666666666663
93,29.5,36.6,25.5,1000.9,76,1.8,5.7,14.8,113.33333333333331
94,28.9,36.6,26.1,998.4,80,1.9,5.2,14.8,146.20833333333334
95,34.0,38.8,26.8,998.1,55,1.9,5.6,14.8,112.29166666666669
96,34.9,40.3,28.6,996.8,48,1.9,9.6,25.9,60.625
97,35.9,40.5,29.6,996.3,46,1.9,13.7,27.8,71.0
98,33.3,42.3,29.2,997.8,69,1.9,5.2,9.4,153.41666666666666
99,32.4,40.2,25.9,997.2,74,1.9,6.7,14.8,134.95833333333334
100,33.2,39.0,28.5,996.2,68,1.9,8.9,11.1,81.125
101,29.8,33.6,25.4,995.1,76,1.9,6.3,18.3,52.25
102,30.8,34.6,26.5,996.6,74,1.9,6.3,14.8,160.375
103,32.1,35.8,27.2,996.1,71,1.9,4.6,9.4,99.375
104,30.7,33.9,26.5,1000.8,70,1.9,10.0,14.8,31.45833333333333
105,32.5,37.5,27.6,1001.9,67,1.9,7.2,18.3,47.375
106,31.7,37.5,28.1,1002.1,71,1.9,2.4,33.5,38.16666666666666
107,32.5,36.5,28.2,999.9,71,1.9,7.8,16.5,35.958333333333336
108,33.3,37.7,28.1,998.0,66,1.9,6.5,9.4,25.08333333333333
109,30.3,35.3,28.4,996.9,81,1.9,0.9,7.6,45.833333333333336
110,31.4,36.6,27.0,995.3,72,1.9,5.7,13.0,33.708333333333336
111,31.0,34.0,29.0,996.8,71,1.9,5.6,16.5,26.416666666666668
112,30.9,35.0,27.6,998.4,73,1.9,5.9,14.8,30.666666666666668
113,30.9,35.4,27.0,1000.3,75,1.9,4.8,16.5,29.95833333333333
114,32.0,36.6,27.0,998.1,63,2.3,20.7,27.8,23.875
115,30.5,36.2,25.4,997.3,65,2.3,18.5,29.4,22.33333333333333
116,31.2,35.7,27.6,999.0,62,1.9,14.6,27.8,25.08333333333333
117,33.0,37.0,27.0,1004.8,59,1.9,6.9,16.5,66.79166666666667
118,33.3,38.4,28.0,1002.5,54,1.9,8.9,18.3,64.875
119,32.6,38.4,28.0,1001.3,51,1.9,10.9,27.8,47.583333333333336
120,33.7,39.1,27.5,1002.6,53,2.7,7.8,16.5,33.5
121,34.1,39.4,29.0,1001.5,49,3.1,10.0,18.3,43.04166666666666
122,34.1,39.4,27.5,1001.1,53,2.9,8.0,20.6,38.41666666666666
123,27.5,34.8,25.0,1001.0,89,1.9,4.3,16.5,49.29166666666666
124,29.5,35.3,24.6,1001.1,71,2.3,10.9,48.2,19.541666666666668
125,29.4,35.3,26.3,1001.7,76,2.6,10.4,20.6,22.83333333333333
126,28.5,33.2,26.0,1001.3,82,1.9,15.0,25.9,24.291666666666668
127,30.9,34.7,25.7,1003.5,73,1.9,1.3,5.4,74.66666666666667
128,31.2,36.0,26.4,1003.3,72,1.9,3.5,13.0,41.875
129,30.8,36.0,26.8,1002.5,76,1.9,1.9,11.1,50.583333333333336
130,29.3,34.1,23.5,1004.1,73,1.8,4.3,11.1,58.125
131,29.0,34.8,24.6,1004.3,71,1.9,6.7,14.8,57.29166666666666
132,29.8,34.9,22.5,1004.2,68,2.6,6.7,18.3,38.25
133,31.0,36.3,25.3,1003.5,62,3.1,4.3,14.8,47.41666666666666
134,31.0,36.3,26.0,1002.8,61,2.3,4.4,11.1,56.91666666666666
135,30.4,36.2,25.2,1003.6,61,2.6,5.6,14.8,54.625
136,30.0,35.8,24.2,1007.7,58,2.6,9.6,18.3,45.958333333333336
137,30.1,35.7,24.0,1008.1,57,2.4,5.7,16.5,52.25
138,30.7,36.3,25.4,1009.2,54,3.1,8.9,16.5,43.333333333333336
139,31.0,36.9,24.3,1010.1,54,3.1,3.1,11.1,41.958333333333336
140,30.3,36.9,24.6,1009.1,58,2.6,2.8,9.4,0.0
141,30.7,37.0,24.4,1008.1,57,2.7,2.0,14.8,0.0
142,30.9,37.2,24.5,1008.3,65,1.6,1.1,5.4,45.75
143,29.6,35.2,24.9,1009.9,59,1.9,3.0,20.6,70.70833333333333
144,27.6,34.6,22.2,1010.0,56,2.3,3.3,11.1,51.79166666666666
145,27.6,34.5,18.6,1009.8,66,1.8,8.7,14.8,0.0
146,24.4,33.6,21.4,1011.0,75,1.9,5.4,14.8,11.583333333333334
147,24.5,30.4,19.6,1014.8,73,2.1,3.1,7.6,13.0
148,23.8,31.5,16.5,1012.5,61,1.4,4.3,11.1,156.25
149,24.7,32.3,16.6,1013.3,60,1.8,4.4,14.8,156.0
150,25.4,33.3,18.0,1014.5,60,1.4,2.0,5.4,151.79166666666666
151,25.4,33.1,18.6,1012.3,71,1.0,0.9,3.5,252.625
152,25.1,32.3,19.4,1014.9,69,1.4,2.0,9.4,119.41666666666669
153,24.9,32.6,19.5,1013.7,67,1.4,1.9,9.4,126.0
154,23.2,32.1,16.0,1013.7,62,1.0,3.7,11.1,232.33333333333331
155,22.5,29.3,16.6,1014.0,57,1.3,5.4,11.1,215.54166666666663
156,22.7,31.1,15.8,1014.5,54,1.4,7.2,20.6,239.41666666666663
157,23.4,31.2,15.0,1013.4,58,1.1,4.1,14.8,196.54166666666663
158,23.9,31.7,16.6,1012.9,69,1.0,2.4,11.1,232.54166666666663
159,24.0,32.1,17.1,1014.6,69,1.3,1.7,9.4,185.5
160,24.2,31.6,17.2,1015.3,62,1.1,4.3,11.1,282.1666666666667
161,18.5,27.6,11.7,1016.6,56,1.3,3.3,11.1,257.6666666666667
162,18.3,27.6,9.0,1016.4,48,1.3,7.4,22.2,166.875
163,18.6,27.5,10.6,1014.8,51,1.3,2.8,11.1,135.16666666666666
164,17.6,28.8,8.5,1016.6,59,1.3,1.1,9.4,211.45833333333331
165,18.4,28.8,11.7,1014.9,58,1.4,3.7,9.4,215.5
166,17.2,27.8,9.8,1014.1,64,1.0,2.0,11.1,223.375
167,16.4,26.6,8.0,1015.0,57,1.3,2.6,14.8,135.58333333333334
168,17.4,26.7,9.0,1011.2,55,1.4,6.3,14.8,152.04166666666666
169,20.1,30.0,11.4,1013.8,47,1.8,8.9,22.2,46.708333333333336
170,20.1,29.0,13.8,1014.3,52,1.9,7.2,22.2,91.75
171,20.3,28.1,14.0,1013.6,52,1.9,9.3,22.2,99.91666666666669
172,17.2,27.4,10.5,1014.9,52,1.6,4.8,14.8,119.70833333333331
173,17.1,26.3,10.2,1015.1,54,1.6,2.8,11.1,110.875
174,15.8,22.3,10.4,1016.2,77,1.0,8.9,14.8,203.58333333333331
175,15.0,20.8,13.2,1016.8,93,1.1,3.5,9.4,25.08333333333333
176,14.2,20.0,10.4,1019.2,82,1.6,1.9,9.4,57.083333333333336
177,11.7,17.6,7.4,1022.3,85,0.3,0.4,3.5,349.2916666666667
178,11.3,17.5,7.2,1018.8,81,0.8,5.7,13.0,188.04166666666663
179,9.5,17.5,5.6,1018.1,84,0.5,0.9,3.5,310.25
180,9.3,16.0,6.0,1020.0,85,0.6,8.1,14.8,204.375
181,10.8,17.0,6.3,1017.7,82,0.8,7.8,11.1,223.25
182,10.4,19.2,4.8,1018.6,71,0.8,2.8,11.1,248.95833333333331
0,14.9,21.6,8.8,1017.4,76,0.8,0.9,7.6,172.75
1,14.7,21.6,10.2,1018.1,97,0.6,3.1,9.4,146.79166666666666
2,15.0,16.8,13.6,1017.5,94,0.5,0.9,7.6,113.875
3,9.8,17.6,6.4,1016.6,90,0.5,3.9,11.1,227.0
4,10.1,14.5,7.2,1019.2,90,0.3,3.3,7.6,231.25
5,10.5,16.3,6.8,1020.1,84,0.5,1.5,5.4,272.125
6,12.3,18.3,4.0,1017.1,81,0.5,4.8,9.4,228.79166666666663
7,12.1,18.3,9.0,1017.5,86,0.6,5.2,9.4,200.875
8,12.3,19.0,5.8,1019.3,82,0.5,0.9,7.6,214.04166666666663
9,13.9,21.6,9.4,1019.0,79,1.0,1.9,14.8,217.25
10,13.4,20.7,9.8,1020.1,80,0.8,7.2,11.1,212.45833333333331
11,13.3,17.5,9.5,1021.2,79,0.8,3.7,7.6,202.66666666666663
12,13.1,18.3,8.5,1020.6,80,0.8,4.1,14.8,138.79166666666666
13,13.7,18.3,11.6,1019.9,91,0.6,0.9,7.6,153.08333333333334
14,13.3,18.4,9.8,1019.3,79,1.0,5.2,14.8,159.70833333333334
15,13.8,21.5,7.2,1018.0,60,2.4,9.1,24.1,151.875
16,15.1,24.0,6.7,1017.6,66,1.3,5.0,11.1,224.79166666666663
17,17.3,23.8,10.4,1017.5,70,1.0,11.9,18.3,177.625
18,16.7,23.8,13.0,1020.7,75,0.8,7.2,14.8,149.625
19,15.7,25.6,7.4,1016.9,68,1.4,1.9,7.6,161.16666666666666
20,16.7,25.6,9.3,1017.5,66,1.4,4.4,13.0,136.75
21,16.9,25.5,10.5,1019.9,65,2.3,5.6,22.2,50.91666666666666
22,17.2,25.5,9.3,1012.8,61,2.4,6.7,20.6,120.20833333333331
23,19.3,28.6,10.6,1009.5,65,2.6,4.3,14.8,137.125
24,18.9,28.6,11.2,1012.8,73,0.8,1.5,7.6,197.08333333333331
25,22.9,29.3,17.0,1012.4,78,1.6,7.6,14.8,166.375
26,22.8,29.3,18.0,1013.7,72,1.9,7.2,14.8,126.58333333333331
27,21.9,29.1,15.2,1014.1,69,2.3,11.3,18.3,94.91666666666669
28,23.2,28.6,18.4,1008.5,65,1.4,6.5,13.0,133.95833333333334
29,20.0,27.6,14.5,1009.8,42,1.9,6.7,11.1,69.25
30,19.2,27.6,11.1,1013.0,49,2.6,5.7,11.1,79.29166666666667
31,17.3,19.0,15.2,1011.0,94,1.8,14.8,24.1,31.625
32,17.4,22.1,14.6,1012.6,92,1.9,6.7,16.5,20.416666666666668
33,16.1,22.1,12.8,1013.8,84,1.8,5.6,13.0,61.125
34,18.6,27.3,12.5,1014.0,79,2.6,3.9,13.0,49.583333333333336
35,19.4,27.6,14.0,1015.2,79,2.3,7.8,18.3,34.916666666666664
36,18.1,24.1,13.3,1021.1,60,2.7,12.2,20.6,47.5
37,21.3,28.3,14.2,1014.7,70,1.6,4.1,9.4,128.83333333333334
38,21.6,27.3,15.8,1015.3,71,2.6,7.8,20.6,56.333333333333336
39,17.7,27.3,16.0,1015.3,92,1.9,11.5,18.3,20.291666666666668
40,21.1,28.3,14.0,1014.8,69,2.4,5.4,13.0,59.16666666666666
41,22.5,30.2,14.5,1014.8,68,2.6,9.1,22.2,83.83333333333333
42,24.9,31.7,15.8,1014.8,65,2.6,5.9,13.0,89.375
43,26.8,35.1,18.5,1011.7,68,2.3,2.6,11.1,101.375
44,28.6,36.5,20.3,1012.4,59,1.8,9.3,55.4,109.75
45,27.7,35.6,20.4,1011.7,54,2.7,7.4,24.1,42.91666666666666
46,25.1,30.8,19.0,1010.4,70,2.1,3.7,11.1,47.25
47,26.4,32.5,20.3,1007.4,64,1.9,2.4,9.4,81.20833333333333
48,28.7,34.7,21.0,1004.7,53,1.9,9.4,18.3,52.29166666666666
49,24.4,34.7,19.0,1004.6,76,3.1,7.0,14.8,28.45833333333333
50,23.9,31.4,19.2,1010.2,69,1.9,9.8,13.0,49.5
51,25.2,32.2,18.2,1012.0,56,2.6,6.7,16.5,75.16666666666667
52,25.8,32.5,18.6,1010.3,58,2.7,9.1,24.1,53.125
53,24.9,32.2,19.0,1013.7,74,2.3,7.0,13.0,54.708333333333336
54,26.4,32.5,20.0,1012.8,68,2.6,3.0,11.1,52.625
55,27.6,34.3,20.8,1013.0,65,3.1,5.9,14.8,51.375
56,32.0,40.6,21.6,1003.9,45,2.7,4.3,9.4,94.33333333333331
57,32.8,40.6,26.0,1005.8,45,1.9,7.2,11.1,92.91666666666669
58,31.8,39.6,25.4,1005.6,35,1.9,11.1,27.8,80.20833333333333
59,30.4,39.1,22.2,1005.9,51,1.9,13.0,22.2,71.66666666666667
60,28.8,37.1,22.8,1008.0,59,1.9,15.7,25.9,31.83333333333333
61,30.2,37.1,23.5,1006.7,59,1.9,17.6,33.5,47.66666666666666
62,31.2,39.4,24.2,1005.8,52,2.7,5.4,14.8,48.125
63,30.2,37.6,23.6,1006.3,47,2.6,4.4,11.1,56.25
64,30.9,38.9,21.7,1006.7,44,2.7,3.0,11.1,103.41666666666669
65,35.7,42.7,27.6,1003.4,21,1.9,14.4,27.8,76.875
66,34.1,42.7,27.0,1003.2,29,1.9,12.2,27.8,86.375
67,35.1,42.7,25.7,1001.6,35,2.3,8.3,18.3,77.70833333333333
68,28.3,38.7,23.8,1006.5,65,2.4,7.8,14.8,48.5
69,29.9,35.9,22.0,1007.4,56,2.6,4.4,11.1,55.083333333333336
70,28.7,35.8,24.2,1006.5,58,1.9,7.0,18.3,67.45833333333333
71,31.4,41.5,24.9,1002.2,50,1.8,14.8,50.0,18.875
72,33.2,41.5,22.4,1002.0,38,2.4,14.6,22.2,61.5
73,35.8,42.6,27.0,1000.4,30,2.6,11.3,24.1,68.91666666666667
74,37.8,45.5,28.0,996.7,29,2.6,10.9,22.2,77.375
75,35.3,45.5,24.4,999.2,33,2.3,17.0,55.4,63.91666666666666
76,33.8,45.0,24.8,1001.3,26,2.6,6.7,18.3,63.66666666666666
77,35.3,40.6,28.9,1000.7,30,1.9,15.2,27.8,63.625
78,30.1,40.6,23.5,1002.2,47,1.9,14.3,29.4,25.45833333333333
79,31.6,39.9,22.2,1003.4,46,1.9,8.5,20.6,20.75
80,28.7,34.1,23.6,1004.3,59,1.9,6.7,11.1,40.5
81,35.1,42.5,26.0,999.4,42,2.6,7.2,16.5,64.83333333333333
82,36.3,42.9,27.7,998.7,38,2.6,6.3,22.2,63.0
83,37.6,42.4,30.0,998.8,32,1.9,18.7,27.8,73.83333333333333
84,31.9,41.6,28.0,998.8,52,2.3,9.4,14.8,31.875
85,27.0,39.7,20.5,1000.2,82,1.9,3.9,13.0,54.958333333333336
86,30.8,34.9,25.5,999.4,66,1.9,3.1,9.4,77.75
87,35.9,41.6,29.0,996.7,54,1.9,8.5,18.3,75.33333333333333
88,33.0,42.3,27.2,997.8,56,1.9,13.0,25.9,32.583333333333336
89,30.4,34.4,25.3,997.0,70,1.9,5.6,20.6,28.375
90,26.5,36.8,22.4,994.9,86,1.8,6.3,11.1,28.541666666666668
91,31.5,36.8,24.0,994.7,62,1.8,11.7,22.2,51.04166666666666
92,32.7,38.0,27.0,996.9,56,1.9,14.1,29.4,40.0
93,31.9,37.8,25.0,1001.8,61,1.9,4.3,9.4,37.583333333333336
94,33.8,38.9,27.0,1001.1,54,1.9,7.0,13.0,37.625
95,33.4,39.8,27.6,999.7,54,1.9,13.0,25.9,34.375
96,28.3,33.6,23.3,998.4,87,1.9,1.7,7.6,42.29166666666666
97,31.2,35.8,24.8,998.6,77,1.9,2.8,11.1,45.66666666666666
98,29.7,35.8,25.2,998.9,82,1.9,2.6,9.4,40.625
99,29.9,33.7,23.3,1000.6,78,2.6,4.8,11.1,26.875
100,31.1,35.6,26.4,998.5,73,1.9,10.9,18.3,30.70833333333333
101,33.4,37.0,27.0,994.1,61,1.9,17.2,29.4,10.208333333333334
102,30.1,34.7,26.0,997.7,76,1.9,0.7,5.4,43.04166666666666
103,29.1,34.7,24.4,999.2,82,1.9,4.8,11.1,19.416666666666668
104,31.5,35.7,25.7,999.9,74,1.9,8.1,13.0,8.416666666666666
105,31.3,36.5,27.3,999.3,73,2.7,8.7,14.8,0.0
106,30.0,36.6,27.0,998.8,76,2.6,16.9,25.9,0.0
107,29.7,34.7,24.6,1000.2,74,2.7,11.3,18.3,4.833333333333333
108,28.9,31.6,25.0,999.7,77,1.9,4.1,14.8,15.375
109,28.4,32.6,25.4,1002.7,77,1.9,0.9,7.6,19.83333333333333
110,29.8,33.9,25.0,1003.5,75,1.9,2.6,7.6,25.791666666666668
111,31.6,35.5,25.4,1001.9,63,1.9,5.4,11.1,22.70833333333333
112,29.4,34.4,26.4,999.9,86,1.8,2.2,14.8,31.33333333333333
113,28.8,34.4,25.3,1001.7,88,1.6,1.7,7.6,47.41666666666666
114,27.5,30.8,25.0,1000.2,92,1.3,3.0,7.6,33.791666666666664
115,31.9,35.8,28.0,1001.8,75,1.9,0.4,3.5,39.04166666666666
116,30.9,35.8,28.6,1001.8,78,1.9,3.3,14.8,41.708333333333336
117,31.6,35.6,25.8,1002.7,67,2.9,13.0,22.2,12.25
118,30.9,35.5,27.7,1001.5,66,1.9,14.6,27.8,14.5
119,29.5,34.5,27.6,1002.0,77,1.9,8.5,18.3,23.916666666666668
120,32.0,35.6,27.0,1000.9,64,3.4,10.0,20.6,27.375
121,31.9,36.2,28.0,1001.1,68,2.6,4.8,14.8,29.20833333333333
122,32.4,36.9,28.1,1001.9,68,2.7,5.4,11.1,36.5
123,32.2,36.8,28.4,1002.0,61,2.6,14.6,24.1,27.83333333333333
124,32.1,36.6,28.0,1000.8,56,1.9,15.4,25.9,44.125
125,31.9,36.6,27.5,1001.7,54,1.9,12.8,24.1,62.25
126,31.4,36.5,27.6,1005.5,56,1.9,11.7,25.9,60.125
127,31.5,36.9,26.6,1005.7,53,1.9,9.4,22.2,34.666666666666664
128,31.9,36.9,26.8,1005.8,54,2.7,11.9,35.2,39.208333333333336
129,31.0,36.7,26.4,1005.7,54,2.6,10.2,31.7,38.708333333333336
130,32.2,37.9,27.3,1005.8,61,1.9,1.3,3.5,69.95833333333333
131,31.8,37.9,26.8,1003.5,59,1.9,2.6,9.4,94.375
132,32.9,38.0,27.5,1003.3,62,1.9,0.4,3.5,85.75
133,30.4,35.9,26.0,1003.6,78,1.6,2.0,7.6,51.66666666666666
134,29.1,34.8,27.2,1003.4,76,1.9,4.6,11.1,39.41666666666666
135,30.2,36.5,26.2,1002.3,70,1.9,5.7,14.8,23.95833333333333
136,28.4,33.9,23.5,1003.8,55,2.6,8.5,20.6,43.5
137,29.4,35.1,23.7,1005.3,60,2.3,6.3,14.8,50.41666666666666
138,28.6,35.2,25.0,1007.2,64,2.3,3.0,9.4,55.708333333333336
139,28.1,35.3,21.5,1011.8,56,2.6,5.6,13.0,57.125
140,28.6,35.6,22.7,1009.0,72,1.9,6.5,18.3,112.29166666666669
141,28.5,35.4,23.2,1007.3,70,1.9,4.4,14.8,97.70833333333331
142,28.6,36.0,21.8,1004.3,65,1.9,6.1,24.1,80.70833333333333
143,29.6,35.5,25.0,1011.0,69,1.9,3.7,9.4,81.625
144,28.2,34.9,22.9,1012.7,70,1.9,3.9,9.4,65.375
145,27.6,34.9,21.5,1013.6,71,1.8,0.4,3.5,84.375
146,28.2,36.1,21.9,1011.7,70,1.9,3.5,9.4,141.95833333333334
147,27.7,36.2,22.9,1009.9,69,1.9,3.0,9.4,153.375
148,26.6,36.2,21.0,1012.0,68,1.6,2.0,7.6,162.875
149,26.4,34.4,18.3,1012.8,53,2.1,5.4,14.8,0.0
150,25.4,34.4,20.3,1015.0,59,1.9,5.6,16.5,49.333333333333336
151,24.7,33.3,18.5,1014.0,61,2.3,3.5,7.6,107.33333333333331
152,22.3,29.8,15.6,1016.0,73,1.6,1.1,5.4,273.625
153,22.9,31.4,16.2,1016.1,73,1.4,0.9,3.5,256.9583333333333
154,23.4,31.8,17.3,1015.8,75,1.6,0.4,3.5,185.08333333333331
155,23.9,31.8,18.6,1014.2,73,1.8,0.4,1.9,249.5
156,21.9,30.2,16.1,1014.8,79,0.5,1.1,7.6,365.75
157,21.9,29.0,17.1,1016.0,75,1.1,1.9,5.4,241.875
158,22.1,29.8,16.1,1015.0,77,1.3,0.7,3.5,176.875
159,22.3,29.3,16.1,1014.9,64,0.8,5.4,18.3,353.0416666666667
160,22.4,29.8,16.5,1012.0,65,1.1,3.5,13.0,257.4166666666667
161,18.5,27.7,11.5,1017.6,68,1.3,0.9,7.6,207.83333333333331
162,18.6,27.7,11.4,1016.4,69,1.1,0.4,3.5,268.1666666666667
163,18.8,28.5,11.5,1015.4,69,0.8,1.3,3.5,278.3333333333333
164,19.3,28.0,13.0,1014.7,61,1.9,5.7,18.3,157.5
165,20.0,29.1,11.9,1012.6,64,1.4,0.9,7.6,156.375
166,18.4,29.1,13.5,1011.4,71,1.3,2.6,7.6,200.5
167,19.3,28.0,13.8,1014.7,81,0.6,1.7,7.6,212.125
168,17.9,26.2,13.5,1016.2,75,0.8,2.0,11.1,190.5
169,17.6,24.6,11.2,1016.1,75,0.8,7.0,18.3,236.41666666666663
170,17.8,26.2,11.0,1017.1,79,0.6,2.0,7.6,286.375
171,20.2,27.0,12.0,1015.8,68,1.0,1.3,5.4,288.0833333333333
172,19.2,26.9,11.6,1015.4,78,1.0,4.8,14.8,302.4583333333333
173,14.8,21.0,6.8,1016.4,63,2.4,5.4,13.0,163.0
174,14.6,21.3,6.0,1017.1,59,2.6,8.1,14.8,161.375
175,15.2,22.2,7.0,1016.5,60,2.4,7.0,14.8,157.375
176,14.4,21.1,6.8,1019.1,65,1.6,5.6,13.0,245.91666666666663
177,12.6,21.0,0.0,1018.9,68,1.4,2.6,9.4,264.5833333333333
178,13.7,21.0,5.6,1018.8,71,1.3,1.5,7.6,253.29166666666663
179,13.3,19.3,5.5,1021.9,62,1.9,7.8,14.8,181.20833333333331
180,14.4,21.5,5.5,1021.0,60,1.8,8.9,18.3,210.875
181,16.3,22.5,7.6,1020.6,64,1.4,8.1,14.8,255.33333333333331
0,16.9,25.1,6.6,1021.3,65,1.1,2.0,7.6,284.7958333333333
1,15.5,24.1,7.7,1021.0,71,1.1,3.5,11.1,219.72083333333333
2,14.9,22.8,8.0,1018.4,73,1.1,5.9,13.0,182.1875
3,18.3,24.7,11.5,1018.1,85,0.5,1.1,7.6,154.03750000000002
4,16.5,24.7,12.0,1017.4,82,0.6,8.0,13.0,223.20833333333331
5,16.6,22.2,10.2,1015.4,65,1.8,10.0,20.6,200.64583333333337
6,18.2,25.1,12.0,1014.4,77,0.6,5.0,11.1,285.225
7,15.6,23.2,10.9,1015.6,82,0.6,4.3,9.4,236.825
8,13.0,19.0,9.6,1016.9,85,0.8,10.7,16.5,276.90833333333336
9,12.3,19.0,8.9,1015.8,91,0.5,4.6,9.4,108.0
10,11.9,15.7,7.5,1018.9,86,0.8,6.1,11.1,107.625
11,12.0,17.0,6.7,1019.8,75,1.3,7.6,13.0,125.89166666666668
12,11.7,18.0,6.4,1017.3,76,0.8,4.4,13.0,181.01250000000005
13,14.6,21.0,6.8,1015.6,81,0.6,2.4,7.6,152.55416666666667
14,17.7,24.0,9.0,1014.5,69,1.4,4.4,9.4,152.32083333333335
15,17.4,27.2,12.2,1016.4,79,1.1,7.8,18.3,319.7375
16,15.9,22.4,8.4,1017.6,66,2.4,7.2,16.5,332.7083333333333
17,15.2,22.6,6.6,1018.2,56,1.9,8.9,22.2,279.6
18,12.7,19.5,8.0,1017.6,69,1.3,8.3,18.3,179.11666666666667
19,15.6,24.6,10.7,1015.7,81,1.3,2.8,9.4,54.79166666666666
20,17.1,23.2,9.0,1017.1,69,1.8,5.9,11.1,93.375
21,17.6,24.0,10.1,1014.8,67,1.4,5.9,14.8,103.0
22,17.2,26.0,11.5,1014.7,65,2.3,5.7,14.8,132.20833333333334
23,17.7,24.4,9.7,1017.0,64,2.1,8.0,18.3,127.70833333333331
24,17.4,24.4,10.1,1018.9,61,2.3,6.1,11.1,109.33333333333331
25,23.1,30.0,15.6,1014.9,71,1.4,4.1,9.4,56.458333333333336
26,23.7,29.8,18.7,1014.0,75,1.4,11.1,18.3,135.83333333333334
27,20.9,27.8,15.8,1014.4,62,2.6,17.2,27.8,122.5
28,22.6,30.3,11.5,1015.4,57,2.4,5.4,11.1,69.66666666666667
29,22.7,30.4,12.8,1017.7,56,2.6,2.4,7.6,79.83333333333333
30,22.7,30.6,13.0,1018.4,58,2.4,3.3,7.6,62.708333333333336
31,25.0,31.0,15.0,1015.7,59,1.9,1.7,5.4,1.9166666666666667
32,24.9,32.4,15.2,1015.0,57,1.9,1.7,9.4,1.8333333333333333
33,26.8,33.4,15.7,1014.5,52,2.4,4.6,9.4,1.7916666666666667
34,23.7,29.1,15.8,1011.9,67,2.1,5.2,11.1,117.58333333333331
35,23.4,29.1,17.0,1011.4,63,2.1,6.7,16.5,122.70833333333331
36,24.3,29.0,15.6,1011.7,56,1.9,10.0,18.3,76.54166666666667
37,24.3,31.0,16.8,1010.8,66,3.4,6.9,14.8,59.208333333333336
38,22.4,29.5,17.1,1014.1,68,3.4,6.3,16.5,77.20833333333333
39,24.1,29.2,14.5,1014.4,59,2.4,8.5,18.3,87.83333333333333
40,26.8,33.0,19.0,1008.8,61,2.3,3.5,11.1,123.70833333333331
41,27.1,33.0,19.0,1009.9,61,2.6,2.8,13.0,64.79166666666667
42,26.5,32.8,19.5,1010.5,45,2.9,12.2,25.9,62.875
43,29.8,36.2,18.2,1012.7,52,2.4,3.3,7.6,52.04166666666666
44,24.7,36.6,19.7,1012.8,66,2.4,9.4,14.8,128.33333333333334
45,26.2,32.0,19.5,1012.5,56,3.1,9.1,14.8,87.58333333333333
46,29.9,37.0,19.5,1008.3,39,2.7,4.4,9.4,23.20833333333333
47,30.4,37.5,21.6,1006.3,41,2.6,12.0,27.8,15.166666666666666
48,32.3,39.0,21.5,1007.3,39,3.4,5.4,13.0,21.25
49,33.4,39.1,24.8,1008.0,47,2.1,2.6,7.6,25.75
50,29.5,36.9,21.5,1007.2,41,2.3,11.3,16.5,105.33333333333331
51,29.3,36.0,18.8,1008.8,37,3.2,4.8,11.1,117.75
52,30.9,37.0,19.0,1008.9,33,2.6,6.9,14.8,20.791666666666668
53,31.6,38.0,23.2,1002.6,30,3.1,18.7,35.2,46.91666666666666
54,33.1,39.0,24.0,1003.0,26,2.6,10.4,24.1,104.625
55,33.6,40.0,23.0,1003.8,27,2.4,9.8,18.3,109.625
56,34.0,40.6,26.3,1005.5,29,2.6,13.9,22.2,0.0
57,33.9,39.6,25.8,1002.7,28,2.7,15.7,29.4,30.875
58,33.3,39.4,24.8,1000.7,28,3.1,8.3,18.3,75.58333333333333
59,33.4,40.0,21.2,1006.3,27,2.6,3.7,14.8,0.0
60,33.2,40.3,22.2,1005.1,29,2.3,5.0,14.8,0.0
61,34.0,40.7,22.2,1004.6,24,2.4,11.9,22.2,0.0
62,34.7,41.5,22.0,1001.7,24,2.3,8.5,16.5,142.5
63,38.0,44.0,23.8,1001.1,20,2.6,9.6,29.4,133.375
64,35.4,44.0,28.0,1003.2,35,2.7,6.5,18.3,102.41666666666669
65,33.2,38.0,25.0,1004.6,41,2.7,4.6,9.4,158.29166666666666
66,35.1,39.2,25.3,1005.1,40,2.4,7.2,11.1,149.58333333333334
67,33.8,39.8,27.6,1005.5,44,2.4,9.8,16.5,107.29166666666669
68,37.1,42.0,27.5,1000.7,30,2.9,8.3,18.3,106.5
69,36.5,43.0,27.0,1001.8,35,2.6,4.1,22.2,128.125
70,37.3,42.4,27.4,1002.4,32,2.6,4.8,14.8,108.0
71,37.3,43.7,28.6,997.4,44,2.6,9.4,22.2,98.41666666666669
72,37.3,42.8,31.2,996.2,49,2.6,8.3,14.8,94.375
73,36.2,41.5,30.7,995.3,50,2.9,10.9,18.3,118.5
74,32.9,39.0,27.4,996.6,50,2.4,9.4,27.8,110.41666666666669
75,34.6,39.0,26.0,998.4,49,2.4,6.7,16.5,95.83333333333331
76,37.4,41.0,30.6,998.8,31,1.9,14.1,27.8,93.5
77,32.7,37.5,24.7,1002.3,55,2.4,7.4,18.3,38.66666666666666
78,36.0,40.0,26.6,1001.7,46,3.1,9.1,22.2,45.375
79,37.7,42.0,30.7,1000.9,37,2.6,11.9,22.2,65.16666666666667
80,37.6,43.0,28.7,1001.2,42,2.4,2.8,11.1,67.08333333333333
81,34.6,40.3,28.7,1001.1,51,2.7,10.2,25.9,77.66666666666667
82,35.9,41.0,28.6,998.6,50,2.6,8.5,18.3,70.25
83,35.7,41.2,30.0,997.6,48,2.3,9.3,27.8,75.125
84,36.0,41.0,27.6,997.7,46,2.4,12.8,25.9,77.0
85,32.6,40.7,26.0,996.9,59,2.6,11.9,29.4,32.958333333333336
86,34.7,38.0,30.5,995.4,55,2.4,10.4,18.3,40.833333333333336
87,35.6,40.0,30.0,1000.7,57,3.1,9.4,25.9,90.70833333333331
88,31.1,40.1,26.0,999.8,74,2.4,7.6,14.8,97.29166666666669
89,32.9,38.6,27.0,999.7,64,2.4,8.9,16.5,79.83333333333333
90,35.5,39.9,31.2,999.7,60,2.4,9.8,18.3,40.375
91,34.9,39.6,29.6,999.6,61,2.4,7.8,14.8,49.41666666666666
92,34.4,39.4,26.0,998.3,63,2.3,8.0,14.8,43.66666666666666
93,32.2,39.8,25.4,995.4,73,2.3,8.3,14.8,0.0
94,28.4,36.6,24.4,998.1,82,2.4,5.2,9.4,29.666666666666668
95,29.6,32.0,25.7,997.6,80,2.3,2.0,7.6,47.75
96,33.6,36.7,28.8,996.7,66,5.8,5.9,11.1,43.66666666666666
97,30.7,36.9,28.8,996.8,78,2.3,5.4,27.8,29.83333333333333
98,33.3,37.0,27.8,996.2,68,2.6,6.7,11.1,29.666666666666668
99,31.1,34.2,27.8,997.8,78,2.6,6.9,24.1,37.625
100,30.4,35.4,26.7,997.8,82,2.1,5.2,14.8,41.458333333333336
101,31.0,35.2,26.0,997.9,80,2.4,7.2,18.3,53.125
102,32.4,35.2,26.2,999.0,72,2.9,13.5,25.9,36.0
103,34.1,37.0,28.5,998.5,63,3.2,13.0,22.2,70.58333333333333
104,34.1,37.2,29.0,998.4,61,2.6,11.5,22.2,52.458333333333336
105,31.9,35.0,28.3,1001.3,72,2.1,2.8,9.4,38.25
106,30.3,35.0,27.6,1002.6,83,2.3,6.5,16.5,26.58333333333333
107,28.3,35.8,26.8,1003.9,89,1.6,4.3,11.1,57.583333333333336
108,29.2,31.0,26.0,1000.0,85,1.8,4.6,13.0,41.375
109,29.1,32.6,26.4,998.6,85,1.8,5.9,13.0,25.541666666666668
110,30.9,35.0,26.0,997.4,73,2.6,6.5,11.1,28.375
111,32.6,36.0,26.2,997.8,66,3.4,5.6,9.4,40.333333333333336
112,33.3,36.0,26.4,999.7,67,3.2,7.8,18.3,35.375
113,33.4,36.5,28.6,999.9,66,2.9,9.8,16.5,31.916666666666668
114,31.2,36.7,28.0,997.8,75,2.7,9.1,14.8,36.79166666666666
115,29.9,34.0,25.5,1000.2,80,1.4,3.3,11.1,26.83333333333333
116,29.0,33.7,26.0,999.1,85,2.1,6.5,22.2,21.125
117,31.3,34.5,27.0,997.6,71,3.2,12.2,22.2,18.0
118,31.7,34.0,26.4,999.0,71,2.6,2.0,11.1,43.583333333333336
119,32.6,36.0,27.6,999.6,70,2.7,10.6,20.6,46.04166666666666
120,31.2,35.9,26.1,1000.4,71,3.2,8.7,18.3,28.75
121,31.0,35.0,26.8,1004.1,76,2.6,6.1,14.8,64.91666666666667
122,30.8,35.2,26.8,1005.0,76,2.7,3.7,18.3,30.666666666666668
123,27.3,33.3,24.0,1002.4,89,2.1,7.8,27.8,33.166666666666664
124,27.8,31.0,25.2,1001.3,88,2.4,4.6,7.6,30.625
125,30.7,34.0,25.5,1000.1,73,2.6,13.7,22.2,30.33333333333333
126,30.7,34.0,25.0,1000.5,65,3.4,12.0,27.8,31.75
127,31.1,35.0,25.0,1003.1,64,3.2,10.4,18.3,0.0
128,31.3,35.0,26.0,1004.6,63,3.2,11.5,18.3,0.0
129,31.4,36.0,26.7,1006.7,65,3.1,8.3,13.0,83.45833333333333
130,30.4,35.6,25.7,1006.5,72,2.9,4.3,14.8,71.66666666666667
131,31.7,37.1,26.0,1003.2,63,2.9,1.7,5.4,62.375
132,32.5,37.2,25.3,1003.0,59,3.1,1.7,7.6,24.875
133,32.6,37.4,27.0,1005.8,63,2.6,6.3,13.0,37.333333333333336
134,30.7,34.8,25.6,1004.5,66,2.6,3.3,11.1,41.5
135,31.4,35.2,26.0,1005.8,62,3.1,2.0,7.6,48.91666666666666
136,31.9,36.0,26.5,1007.2,66,2.3,2.4,7.6,26.666666666666668
137,32.4,36.4,27.5,1007.8,65,3.1,3.5,11.1,29.0
138,30.3,35.0,24.7,1007.3,62,2.3,7.6,18.3,60.54166666666666
139,29.9,35.0,23.0,1006.3,60,2.6,6.7,24.1,41.583333333333336
140,30.0,36.0,22.5,1004.9,63,2.6,3.0,7.6,50.91666666666666
141,28.6,35.0,19.8,1008.2,49,3.7,11.5,22.2,82.83333333333333
142,28.3,35.2,19.0,1009.4,53,3.4,9.1,35.9,95.25
143,26.8,35.2,17.5,1010.4,57,2.6,5.7,13.0,115.83333333333331
144,27.6,35.0,17.6,1007.6,53,3.1,5.9,13.0,136.70833333333334
145,27.7,35.0,18.6,1006.9,52,3.1,7.8,28.7,160.66666666666666
146,27.3,35.0,19.0,1007.8,55,3.2,7.2,27.8,173.58333333333334
147,27.2,34.5,19.5,1009.0,58,3.1,11.1,25.9,261.6666666666667
148,26.4,33.0,18.4,1012.4,60,2.6,4.6,14.8,272.4166666666667
149,25.4,33.4,16.5,1014.3,62,1.6,5.0,14.8,226.29166666666663
150,23.7,31.7,15.5,1017.7,69,1.0,1.3,5.4,99.70833333333331
151,23.4,31.1,14.2,1016.0,60,1.1,3.0,7.6,217.375
152,22.6,30.6,15.8,1015.4,69,0.5,1.1,5.4,309.375
153,23.9,32.0,14.5,1015.6,63,1.0,2.0,5.4,166.91666666666666
154,23.2,30.2,14.0,1012.6,55,1.1,7.4,18.3,278.0
155,22.5,29.5,15.6,1013.3,56,1.1,11.7,22.2,192.33333333333331
156,21.7,30.0,12.2,1014.5,52,1.1,6.3,16.5,235.33333333333331
157,22.2,30.2,13.6,1015.6,63,1.6,1.5,3.5,221.54166666666663
158,20.8,29.3,12.1,1016.7,58,1.8,3.5,9.4,210.54166666666663
159,20.7,28.8,10.6,1017.8,56,1.8,6.1,16.5,251.20833333333331
160,20.8,29.0,10.5,1013.9,61,1.8,2.6,7.6,194.70833333333331
161,22.0,31.0,10.7,1013.2,56,1.8,2.4,14.8,250.875
162,21.4,30.6,10.8,1011.9,54,2.6,7.8,18.3,274.875
163,24.2,31.0,16.5,1013.0,36,2.9,13.9,22.2,160.0
164,22.7,30.8,13.6,1012.0,38,3.4,11.9,20.6,217.91666666666663
165,21.4,29.6,12.7,1013.7,40,2.6,8.0,20.6,184.20833333333331
166,19.2,25.9,11.9,1017.0,84,0.8,2.6,9.4,176.375
167,18.9,25.8,11.5,1017.9,77,0.6,5.0,13.0,185.95833333333331
168,19.3,27.0,11.7,1019.6,57,1.8,5.2,11.1,195.375
169,17.8,24.8,11.2,1017.0,74,0.6,0.7,7.6,365.2916666666667
170,15.8,24.3,8.7,1015.8,77,0.8,1.7,7.6,312.2083333333333
171,18.2,27.0,7.7,1013.7,72,0.6,1.1,7.6,237.625
172,19.0,27.1,10.5,1015.1,61,1.6,3.3,9.4,202.875
173,18.0,26.6,10.5,1017.1,61,1.9,8.0,14.8,260.1666666666667
174,17.2,24.2,10.0,1017.2,58,1.6,9.3,22.2,403.9583333333333
175,16.3,23.0,6.6,1016.9,61,1.0,9.4,20.6,284.1666666666667
176,18.1,24.0,11.2,1015.4,56,1.8,15.9,25.9,288.4166666666667
177,17.8,25.0,10.7,1015.8,54,2.3,9.4,22.2,256.8333333333333
178,13.9,24.5,11.4,1015.0,95,0.6,8.7,14.8,169.0
179,16.3,23.0,9.8,1016.9,78,1.1,7.4,16.5,186.04166666666663
180,16.3,23.4,9.0,1017.3,68,1.3,7.8,18.3,185.58333333333331
0,15.6,23.0,9.0,1016.4,87,1.3,2.4,11.1,284.7958333333333
1,17.4,24.0,9.3,1018.9,81,1.3,2.2,9.4,219.72083333333333
2,16.7,24.3,9.5,1018.0,82,1.0,4.1,13.0,182.1875
3,14.7,24.4,13.5,1012.2,96,1.0,10.0,22.2,154.03750000000002
4,15.4,20.0,10.2,1015.5,84,1.1,2.2,7.6,223.20833333333331
5,14.1,20.2,8.6,1015.8,82,1.1,5.0,13.0,200.64583333333337
6,12.1,19.0,4.3,1017.8,70,1.4,6.1,14.8,285.225
7,12.6,19.5,3.2,1019.2,78,1.3,5.2,11.1,236.825
8,16.4,24.0,8.6,1017.3,73,1.3,3.3,7.6,276.90833333333336
9,14.0,21.0,6.4,1023.1,76,1.6,10.2,16.5,108.0
10,14.7,20.8,7.0,1021.4,72,1.0,6.1,14.8,125.89166666666668
11,19.8,25.6,12.5,1018.2,74,1.1,7.8,24.1,181.01250000000005
12,16.2,25.1,14.5,1017.1,92,0.8,8.0,22.2,152.55416666666667
13,16.1,20.0,13.2,1019.1,80,1.8,11.9,18.3,152.32083333333335
14,17.3,23.2,9.8,1016.0,71,1.4,4.6,16.5,319.7375
15,16.2,23.4,9.4,1017.9,75,1.3,8.0,16.5,332.7083333333333
16,17.0,24.0,8.6,1019.2,66,1.6,2.8,7.6,279.6
17,17.9,25.0,9.5,1017.3,68,1.6,3.3,11.1,179.11666666666667
18,16.1,23.5,8.6,1015.9,62,2.9,10.2,18.3,54.79166666666666
19,16.8,24.0,9.0,1015.2,63,1.8,5.7,18.3,93.375
20,16.7,24.2,9.4,1016.4,66,1.8,10.6,27.8,103.0
21,18.2,25.0,8.9,1021.9,59,2.3,7.6,18.3,132.20833333333334
22,18.6,29.0,10.2,1021.3,59,1.8,10.2,18.3,127.70833333333331
23,19.7,27.0,9.8,1020.3,58,2.4,8.7,32.4,109.33333333333331
24,24.1,31.0,15.6,1011.1,57,3.1,7.2,14.8,56.458333333333336
25,24.8,32.0,16.4,1005.0,56,2.4,6.3,14.8,135.83333333333334
26,20.9,32.4,15.7,1008.2,74,1.9,12.0,24.1,122.5
27,21.4,28.0,13.5,1013.6,47,3.1,18.5,35.2,69.66666666666667
28,20.4,28.1,12.4,1012.5,55,2.6,16.1,29.4,79.83333333333333
29,21.2,29.0,11.0,1014.2,52,3.2,8.0,16.5,62.708333333333336
30,24.7,32.5,18.0,1012.1,49,2.6,5.0,11.1,21.20833333333333
31,22.8,30.5,16.5,1011.1,59,1.9,4.4,11.1,1.9166666666666667
32,21.3,28.5,12.5,1010.6,41,3.1,8.3,22.2,1.8333333333333333
33,23.4,30.0,12.0,1008.3,41,2.6,5.9,14.8,105.83333333333331
34,22.8,30.7,17.6,1008.0,54,2.9,12.0,22.2,117.58333333333331
35,20.7,28.2,14.6,1007.6,67,2.6,8.1,18.3,122.70833333333331
36,18.4,24.0,9.0,1015.3,49,3.2,9.1,20.6,111.95833333333331
37,19.6,26.0,9.1,1016.4,50,2.7,6.5,22.2,59.208333333333336
38,21.4,28.0,10.5,1013.7,50,2.4,8.5,22.2,77.20833333333333
39,23.6,30.0,15.6,1011.7,57,2.6,7.6,18.3,98.70833333333331
40,24.2,30.0,15.4,1012.2,53,2.7,11.3,24.1,123.70833333333331
41,26.6,34.0,16.2,1011.6,47,2.9,10.9,22.2,64.79166666666667
42,27.8,35.0,17.7,1010.4,41,3.4,12.8,27.8,52.333333333333336
43,29.1,35.0,20.8,1009.8,38,3.2,16.1,35.2,52.04166666666666
44,30.6,37.0,21.8,1009.5,41,3.1,13.1,27.8,128.33333333333334
45,31.2,38.5,23.3,1007.5,41,2.9,8.3,18.3,0.0
46,32.8,39.0,23.2,1004.7,36,3.2,11.1,22.2,23.20833333333333
47,31.7,39.4,23.0,1004.2,34,3.5,10.7,25.9,15.166666666666666
48,32.8,39.0,21.4,1004.9,30,3.7,10.7,22.2,21.25
49,28.8,38.0,19.2,1008.0,32,1.9,5.9,18.3,81.83333333333333
50,27.5,34.4,16.5,1010.8,28,2.7,10.0,20.6,105.33333333333331
51,27.3,33.6,19.0,1010.8,29,3.9,13.3,25.9,117.75
52,31.6,40.0,19.9,1006.3,27,2.9,5.6,11.1,84.5
53,32.4,40.5,20.7,1004.5,33,2.3,2.6,9.4,46.91666666666666
54,33.0,40.6,22.0,1002.1,29,3.2,8.5,24.1,104.625
55,34.9,43.2,28.9,999.7,45,2.7,9.1,21.7,0.0
56,33.5,40.2,28.5,1001.9,49,2.3,8.5,22.2,30.875
57,33.9,40.0,26.8,1001.9,31,3.2,11.1,22.2,75.58333333333333
58,32.6,38.2,22.5,1006.3,33,2.7,11.9,51.9,0.0
59,32.2,38.5,24.0,1004.8,37,2.9,13.3,39.6,0.0
60,32.1,39.0,24.0,1005.4,40,3.1,5.9,20.6,0.0
61,32.2,38.1,23.1,1007.2,35,3.7,5.7,13.0,94.75
62,32.3,39.6,22.0,1006.8,37,3.2,4.4,13.0,142.5
63,32.6,40.0,24.4,1006.6,35,2.3,7.4,18.3,133.375
64,36.6,44.0,25.3,1003.7,27,3.4,8.0,18.3,147.83333333333334
65,36.6,44.1,27.6,1002.7,30,2.6,3.5,9.4,158.29166666666666
66,35.6,42.8,28.0,1001.5,36,3.2,10.7,20.6,149.58333333333334
67,36.0,41.8,27.5,1002.0,35,2.7,6.7,18.3,101.5
68,37.2,43.0,27.8,999.8,28,3.1,6.7,14.8,106.5
69,37.9,44.0,28.1,998.3,24,3.2,10.2,22.2,128.125
70,32.3,40.2,27.4,1001.4,45,3.2,6.5,18.3,101.95833333333331
71,34.0,41.4,28.4,1000.0,38,3.4,5.4,22.2,98.41666666666669
72,31.2,39.0,24.0,1001.5,45,2.1,9.8,22.2,94.375
73,36.4,41.6,28.5,999.1,36,3.4,4.3,11.1,107.625
74,37.8,44.0,29.0,997.3,33,3.1,8.3,22.2,110.41666666666669
75,35.3,43.9,29.3,998.0,46,3.9,13.3,18.3,95.83333333333331
76,29.4,37.0,26.0,1000.2,69,2.9,9.4,20.6,72.25
77,32.9,37.0,24.9,1000.7,52,2.4,5.0,14.8,38.66666666666666
78,34.9,40.0,26.0,999.4,38,2.6,6.7,13.0,45.375
79,37.3,42.5,28.7,996.6,32,3.4,12.2,35.2,65.16666666666667
80,31.7,43.0,26.0,1003.5,51,3.2,14.3,37.0,66.08333333333333
81,30.3,37.2,25.0,1002.1,62,3.5,8.9,18.3,77.66666666666667
82,32.9,37.0,26.4,1000.6,53,2.7,4.8,13.0,70.25
83,36.6,42.0,28.1,997.5,33,3.5,13.3,29.4,56.29166666666666
84,36.1,42.0,29.0,1000.4,37,2.9,12.8,43.2,77.0
85,34.7,41.6,28.6,998.9,39,3.1,11.3,22.2,32.958333333333336
86,30.2,37.0,24.0,998.0,72,3.2,10.2,27.8,80.625
87,27.6,37.4,23.2,998.3,79,2.6,5.6,14.8,90.70833333333331
88,27.7,32.2,23.7,999.0,85,2.4,6.7,13.0,97.29166666666669
89,35.7,39.0,30.0,997.7,58,3.1,6.7,13.0,50.708333333333336
90,35.2,39.4,30.4,998.9,62,3.4,7.6,18.3,40.375
91,35.6,39.0,30.5,998.5,59,3.4,9.4,18.3,49.41666666666666
92,30.3,34.5,25.4,995.6,84,2.4,3.3,9.4,61.875
93,28.1,35.1,26.0,996.9,91,1.9,6.5,14.8,0.0
94,32.0,37.0,26.7,996.5,75,2.3,3.7,9.4,29.666666666666668
95,31.3,35.8,25.2,1000.4,74,2.7,3.9,11.1,49.125
96,31.9,36.5,28.2,999.1,72,2.4,6.3,13.0,43.66666666666666
97,34.4,37.6,29.6,998.6,58,2.9,7.4,14.8,29.83333333333333
98,31.1,35.0,27.0,999.4,69,3.2,7.8,14.8,35.208333333333336
99,33.2,36.5,28.4,999.6,64,3.7,9.6,18.3,37.625
100,31.6,36.4,28.4,1000.2,76,3.2,6.1,14.8,41.458333333333336
101,34.1,38.0,28.0,997.6,64,2.7,5.0,18.3,38.583333333333336
102,29.2,38.4,25.0,998.0,84,2.3,6.9,18.3,36.0
103,32.5,36.0,28.0,997.5,70,3.1,10.0,18.3,70.58333333333333
104,29.6,33.4,26.6,997.3,84,2.4,9.3,16.5,33.166666666666664
105,31.6,35.0,26.4,999.1,74,3.2,8.9,13.0,38.25
106,32.2,35.0,28.6,1000.7,69,3.7,9.3,16.5,26.58333333333333
107,28.3,34.1,27.0,1001.1,89,2.1,4.6,18.3,15.416666666666666
108,28.8,32.0,26.8,1001.6,84,2.3,9.6,18.3,41.375
109,29.8,32.0,27.0,1000.2,78,2.7,10.2,14.8,25.541666666666668
110,31.2,35.0,27.3,997.2,69,2.9,18.7,27.8,28.375
111,29.8,36.1,26.0,1001.8,84,2.3,3.5,11.1,50.333333333333336
112,31.7,36.0,26.5,1001.5,77,2.7,4.8,13.0,35.375
113,29.2,35.6,27.0,999.3,87,1.6,3.5,18.3,31.916666666666668
114,31.3,35.0,27.3,1001.2,68,2.9,13.1,22.2,35.291666666666664
115,31.6,36.0,27.4,1003.3,63,3.7,7.2,14.8,26.83333333333333
116,27.9,37.8,26.0,1003.2,92,1.6,6.1,14.8,35.708333333333336
117,32.0,36.0,26.5,1001.8,70,3.1,9.6,28.7,43.583333333333336
118,32.1,36.0,28.3,1001.3,72,3.2,8.5,16.5,46.04166666666666
119,31.1,35.0,27.2,999.9,76,2.4,3.9,11.1,82.875
120,29.1,35.3,25.2,1000.4,84,2.4,4.3,22.2,64.91666666666667
121,31.0,36.0,24.8,1000.0,71,3.2,3.7,9.4,30.666666666666668
122,28.2,35.5,25.6,1003.7,89,1.6,6.1,20.6,34.416666666666664
123,28.7,33.0,25.5,1002.6,81,2.3,9.4,22.2,33.166666666666664
124,28.2,32.6,26.0,1002.8,78,2.7,9.8,22.2,30.625
125,30.7,35.0,25.2,1003.9,70,3.4,8.1,18.3,30.33333333333333
126,28.9,36.1,24.2,1005.5,76,2.9,6.7,13.0,0.0
127,31.2,35.0,26.5,1005.5,67,2.7,5.7,13.0,0.0
128,31.6,35.1,26.8,1003.9,65,3.1,6.7,11.1,0.0
129,32.2,36.2,27.0,1006.2,63,2.9,4.6,11.1,76.875
130,32.1,36.6,27.5,1005.6,67,2.4,3.0,7.6,83.45833333333333
131,32.7,36.1,27.0,1005.1,53,2.9,6.7,14.8,71.66666666666667
132,31.6,36.0,25.6,1002.8,59,2.6,1.1,7.6,69.70833333333333
133,31.6,37.0,25.0,1002.9,57,2.7,3.0,11.1,62.375
134,30.7,36.9,24.8,1002.7,69,2.9,6.9,11.1,24.875
135,30.2,35.0,23.8,1004.5,67,3.1,8.9,14.8,43.958333333333336
136,30.4,35.1,25.0,1005.7,66,3.4,5.7,18.3,41.5
137,30.8,36.0,23.8,1005.9,58,3.1,2.6,11.1,38.79166666666666
138,28.8,36.0,22.0,1005.9,55,3.4,5.7,22.2,30.33333333333333
139,29.9,36.4,21.9,1006.0,47,3.9,8.0,24.1,26.666666666666668
140,30.5,36.4,21.3,1007.9,53,3.7,7.2,14.8,29.0
141,29.6,36.0,21.6,1007.6,54,2.9,6.1,18.3,61.708333333333336
142,28.8,35.8,22.4,1006.9,63,2.6,3.9,11.1,60.54166666666666
143,29.6,36.0,22.5,1007.6,58,2.7,2.4,11.1,41.583333333333336
144,29.0,35.0,21.6,1004.5,57,2.6,4.4,14.8,80.04166666666667
145,28.8,36.4,21.5,1004.4,56,2.6,2.4,13.0,82.83333333333333
146,28.2,36.5,19.2,1005.1,54,2.7,3.5,16.5,95.25
147,28.5,36.0,19.4,1008.8,58,2.4,0.6,9.4,126.16666666666669
148,27.8,36.3,20.5,1007.5,62,1.3,2.0,13.0,136.70833333333334
149,25.9,35.3,18.4,1005.6,61,1.6,3.1,11.1,160.66666666666666
150,23.8,33.0,17.0,1013.7,63,1.6,2.6,7.6,245.66666666666663
151,23.8,33.1,16.1,1014.0,67,1.9,0.7,5.4,261.6666666666667
152,23.8,33.2,17.3,1012.8,69,1.8,0.7,5.4,272.4166666666667
153,23.5,31.4,17.6,1014.0,72,1.6,1.7,9.4,99.70833333333331
154,23.3,32.0,19.4,1012.9,79,1.3,2.6,9.4,217.375
155,22.7,30.3,17.5,1013.5,78,1.1,0.4,3.5,309.375
156,21.1,30.0,16.0,1014.4,73,0.6,1.9,11.1,321.5416666666667
157,19.7,30.2,14.0,1014.0,82,0.3,0.4,3.5,278.0
158,20.1,30.4,13.8,1013.2,71,0.5,0.9,7.6,192.33333333333331
159,19.3,28.5,12.4,1010.9,74,0.6,0.4,3.5,224.16666666666663
160,20.1,28.5,14.6,1011.2,73,0.8,1.9,7.6,196.75
161,18.1,24.3,13.5,1016.5,60,1.8,5.6,14.8,166.70833333333334
162,15.9,24.5,9.4,1017.3,58,1.4,3.9,11.1,130.70833333333334
163,16.0,24.4,10.2,1015.1,59,1.8,5.2,18.3,194.70833333333331
164,16.9,26.5,8.6,1016.0,57,1.9,3.5,9.4,134.45833333333334
165,16.9,27.5,8.6,1016.7,63,1.6,1.1,9.4,110.0
166,16.3,27.5,9.0,1013.9,63,1.9,5.0,13.0,160.0
167,15.7,27.1,8.2,1015.7,66,1.6,1.7,13.0,118.91666666666669
168,15.1,26.4,8.0,1016.6,72,1.3,0.7,5.4,185.95833333333331
169,17.4,25.0,12.0,1015.7,47,1.9,6.1,22.2,239.125
170,16.6,25.2,9.4,1015.4,52,1.9,6.7,22.2,365.2916666666667
171,16.1,26.6,0.7,1015.3,60,1.9,1.7,9.4,312.2083333333333
172,15.7,21.7,12.0,1018.2,85,1.0,3.3,7.6,121.33333333333331
173,13.6,21.3,9.6,1020.1,83,0.8,4.8,11.1,202.875
174,12.7,19.5,8.0,1021.0,78,1.0,6.1,11.1,260.1666666666667
175,15.2,25.6,9.6,1019.9,70,1.4,4.4,9.4,277.7083333333333
176,16.4,23.7,9.6,1020.6,82,0.5,2.8,9.4,284.1666666666667
177,17.4,25.0,12.0,1020.8,76,0.8,1.3,9.4,288.4166666666667
178,13.5,25.1,7.0,1017.8,79,1.0,3.9,13.0,166.91666666666666
179,14.4,23.2,7.1,1017.7,74,1.3,2.0,7.6,169.0
180,15.1,25.0,7.6,1017.1,71,1.3,3.5,13.0,186.04166666666663
0,12.2,23.9,5.7,1014.5,88,0.3,0.7,5.4,255.875
1,11.8,20.1,8.4,1015.3,89,0.3,2.8,9.4,217.08333333333331
2,11.3,18.2,6.7,1015.6,85,0.6,3.5,9.4,229.16666666666663
3,13.2,20.8,6.4,1015.2,69,1.4,8.5,14.8,298.4583333333333
4,12.1,20.7,5.0,1017.6,72,1.4,3.9,11.1,264.9166666666667
5,12.2,21.7,4.2,1019.1,75,1.4,5.7,18.3,404.5
6,13.6,23.7,5.5,1016.1,68,1.4,4.4,18.3,188.5
7,14.0,23.7,5.7,1016.2,69,2.3,4.8,14.8,164.75
8,14.7,25.0,6.4,1015.6,70,1.4,9.4,24.1,376.9166666666667
9,15.8,24.2,9.5,1016.0,79,1.0,4.6,11.1,0.0
10,14.2,24.9,8.0,1014.9,75,0.6,5.0,13.0,0.0
11,13.9,25.2,5.0,1014.7,70,1.9,0.4,3.5,57.0
12,12.5,18.9,8.8,1013.4,90,0.6,8.3,16.5,202.91666666666663
13,12.1,18.4,7.0,1014.1,89,0.5,4.4,9.4,205.125
14,13.0,20.2,8.0,1014.4,79,0.6,4.3,9.4,214.125
15,17.2,26.9,9.9,1014.3,69,1.4,13.0,25.9,315.7916666666667
16,18.7,27.2,11.0,1013.9,69,1.4,3.0,13.0,322.25
17,17.7,27.8,10.5,1012.7,69,1.6,3.7,14.8,246.04166666666663
18,16.0,26.5,9.3,1015.4,57,1.4,4.4,13.0,200.91666666666663
19,15.0,23.6,8.5,1014.6,55,1.4,7.4,22.2,99.5
20,13.9,24.1,5.5,1013.8,61,1.6,1.7,9.4,143.91666666666666
21,14.6,24.0,6.1,1014.4,59,1.3,2.2,7.6,100.25
22,16.4,23.4,9.0,1022.5,75,1.6,5.2,14.8,165.0
23,16.4,23.5,10.2,1021.6,63,1.8,11.1,25.9,116.45833333333331
24,17.5,23.4,11.6,1019.6,66,2.4,9.8,25.9,143.0
25,18.1,26.6,10.0,1013.9,60,1.6,3.3,18.3,231.125
26,19.0,28.2,10.1,1012.9,62,2.1,4.4,14.8,218.66666666666663
27,21.5,31.2,12.5,1010.5,59,1.8,1.5,5.4,211.0
28,22.5,31.6,17.0,1015.4,65,1.9,7.4,16.5,52.208333333333336
29,21.1,29.4,14.5,1012.8,64,2.6,11.3,25.9,187.5
30,22.3,29.8,15.4,1012.6,65,1.9,6.3,24.1,130.16666666666666
31,21.7,30.7,14.9,1010.8,62,1.6,1.7,7.6,123.125
32,22.9,31.0,15.5,1009.0,58,2.3,3.9,14.8,120.91666666666669
33,24.1,32.3,16.6,1006.9,53,2.1,2.0,9.4,153.625
34,21.8,29.4,14.7,1012.3,53,2.6,7.6,22.2,130.33333333333334
35,22.6,31.6,13.3,1013.2,57,2.3,3.1,14.8,110.70833333333331
36,23.4,32.2,14.8,1013.1,52,1.8,3.5,11.1,138.5
37,25.9,35.6,17.1,1008.9,45,2.3,2.8,11.1,75.75
38,24.8,36.2,17.0,1007.1,47,2.7,1.9,9.4,146.54166666666666
39,25.0,34.1,17.2,1007.8,51,2.6,11.3,27.8,116.625
40,24.6,34.4,15.0,1012.9,44,2.3,4.4,14.8,80.04166666666667
41,26.1,35.0,16.5,1009.2,45,2.6,2.2,5.4,100.04166666666669
42,26.1,35.0,21.0,1007.8,53,2.6,5.6,14.8,109.45833333333331
43,25.7,32.3,18.5,1013.6,49,1.9,8.7,22.2,110.16666666666669
44,26.3,33.6,19.5,1011.0,44,2.6,9.1,22.2,108.20833333333331
45,27.1,36.8,17.3,1007.9,38,3.2,4.6,14.8,103.83333333333331
46,26.9,36.2,20.0,1007.6,51,2.9,9.1,14.8,74.29166666666667
47,27.8,34.8,20.0,1008.6,52,2.7,6.1,11.1,101.79166666666669
48,27.6,36.2,20.8,1009.0,53,2.6,4.8,11.1,106.16666666666669
49,29.4,38.2,21.4,1007.2,49,2.6,2.6,5.4,89.875
50,27.9,36.6,19.0,1008.3,57,2.7,5.9,9.4,48.208333333333336
51,29.4,35.6,23.0,1008.8,51,2.3,9.1,18.3,47.04166666666666
52,25.2,36.3,20.2,1010.1,67,2.9,6.7,22.2,67.79166666666667
53,25.8,34.4,18.2,1008.3,38,2.3,3.0,14.8,56.66666666666666
54,28.1,36.0,18.2,1006.8,36,3.1,4.6,14.8,79.0
55,30.1,38.0,20.5,1006.0,39,2.7,3.1,11.1,123.58333333333331
56,31.1,39.0,23.0,1003.0,32,2.6,5.0,22.2,80.29166666666667
57,32.7,39.4,24.0,1002.6,26,1.9,12.4,33.5,137.875
58,29.2,39.5,24.0,1007.9,31,2.6,9.1,14.8,87.875
59,31.7,41.4,20.8,1002.3,26,2.6,5.6,18.3,121.20833333333331
60,33.2,41.6,25.5,1001.5,31,1.9,4.8,13.0,97.04166666666669
61,32.4,42.0,26.4,1004.7,48,3.1,7.0,9.4,92.08333333333331
62,31.7,40.0,26.5,1003.4,52,2.7,10.0,14.8,130.625
63,28.8,37.6,20.2,1004.7,59,1.6,13.7,31.3,90.5
64,29.6,34.2,25.0,1005.8,52,1.9,10.0,14.8,55.41666666666666
65,31.2,38.0,24.0,1003.2,40,1.9,11.7,37.0,108.33333333333331
66,29.1,39.6,24.6,1004.3,43,1.8,7.4,22.2,198.875
67,28.3,35.2,22.4,1006.1,57,1.9,3.3,11.1,120.70833333333331
68,29.9,42.2,24.4,1003.5,56,1.8,12.0,31.3,60.54166666666666
69,30.2,35.6,24.0,1004.6,53,2.6,6.7,9.4,79.0
70,32.2,37.4,26.4,1002.2,54,2.7,5.2,16.5,133.70833333333334
71,33.1,41.2,26.4,1001.7,40,1.9,4.4,14.8,53.25
72,33.2,41.4,27.0,1002.8,33,2.6,3.1,14.8,65.16666666666667
73,34.1,41.2,25.5,1002.9,26,2.7,5.9,16.5,83.58333333333333
74,34.5,43.0,23.8,1000.1,25,2.7,6.5,22.2,40.66666666666666
75,34.5,44.0,24.5,998.9,27,1.9,4.4,18.3,48.125
76,36.1,45.0,26.3,998.1,24,2.7,8.7,25.9,103.16666666666669
77,35.9,42.0,29.4,999.7,46,2.7,7.0,14.8,143.375
78,34.6,42.1,28.4,1000.7,50,2.6,12.8,33.5,44.79166666666666
79,32.3,42.0,26.6,1001.6,53,2.7,12.0,18.3,71.95833333333333
80,34.0,39.2,27.7,998.6,56,2.6,9.6,14.8,17.5
81,35.8,40.8,29.2,997.0,53,1.9,6.5,11.1,101.0
82,35.2,41.4,32.0,994.3,55,1.9,11.3,18.3,76.20833333333333
83,30.3,40.5,25.6,995.1,75,1.4,11.5,33.5,84.33333333333333
84,37.8,41.7,34.0,990.4,41,1.6,19.4,33.5,48.833333333333336
85,36.8,41.2,33.0,992.5,41,1.6,16.9,25.9,64.45833333333333
86,36.7,40.5,33.4,994.7,43,1.9,17.4,27.8,80.54166666666667
87,34.2,39.4,26.5,998.2,49,2.6,5.9,16.5,65.41666666666667
88,35.2,40.2,29.8,998.9,55,2.6,1.9,5.4,54.66666666666666
89,36.2,41.9,30.9,998.2,50,1.9,3.5,11.1,78.54166666666667
90,36.6,42.2,32.6,993.8,42,2.1,11.3,31.7,49.125
91,32.4,42.7,30.7,995.5,59,1.9,5.4,11.1,65.875
92,30.3,37.5,26.2,997.8,76,1.9,10.2,18.3,72.41666666666667
93,32.6,36.2,29.0,997.2,68,1.9,11.9,22.2,184.66666666666663
94,31.2,37.4,24.4,995.6,66,2.9,12.0,24.1,113.33333333333331
95,32.1,37.8,23.6,995.7,70,2.3,6.3,13.0,146.20833333333334
96,33.7,37.8,28.2,997.0,59,1.9,3.1,14.8,112.29166666666669
97,35.2,39.4,28.5,995.6,55,3.1,3.3,7.6,60.625
98,33.4,40.1,30.8,996.1,71,1.9,9.4,14.8,71.0
99,29.3,37.8,26.2,996.9,85,1.9,3.7,9.4,153.41666666666666
100,30.3,34.2,25.4,996.2,82,1.9,3.7,11.1,134.95833333333334
101,31.8,35.2,27.6,996.2,77,1.9,5.6,11.1,81.125
102,32.8,37.3,28.8,996.9,73,2.6,5.2,11.1,52.25
103,29.2,37.8,26.0,996.8,87,1.9,1.9,5.4,160.375
104,29.2,33.4,27.0,997.3,89,1.9,2.8,7.6,99.375
105,29.5,36.7,28.0,997.3,84,1.9,3.9,9.4,31.45833333333333
106,26.9,32.2,25.8,997.6,95,1.9,6.5,11.1,47.375
107,26.7,28.7,25.2,996.7,95,1.9,3.1,13.0,38.16666666666666
108,30.0,34.5,27.2,997.0,76,1.9,8.3,14.8,35.958333333333336
109,31.5,35.0,26.0,997.0,71,2.7,5.0,14.8,25.08333333333333
110,32.1,35.6,28.2,998.3,67,2.3,13.0,22.2,45.833333333333336
111,31.5,35.8,28.2,998.6,68,2.3,11.7,22.2,33.708333333333336
112,28.2,31.8,26.4,999.2,89,1.9,2.6,7.6,26.416666666666668
113,30.4,33.4,26.5,999.9,83,1.9,4.6,9.4,30.666666666666668
114,32.0,35.4,27.6,1001.8,73,2.3,4.6,14.8,29.95833333333333
115,30.4,33.2,27.6,997.1,78,1.9,1.7,7.6,23.875
116,30.8,34.4,27.4,997.6,80,2.3,4.3,9.4,22.33333333333333
117,31.1,35.3,28.4,999.9,73,2.6,5.6,14.8,25.08333333333333
118,30.0,33.6,25.9,999.8,83,1.9,4.3,9.4,64.875
119,31.7,36.4,26.2,999.2,73,1.9,4.6,9.4,47.583333333333336
120,30.3,34.4,27.0,998.5,73,2.6,11.3,24.1,33.5
121,31.0,34.2,27.0,998.0,73,3.2,7.8,24.1,43.04166666666666
122,29.6,34.9,26.5,999.8,83,2.6,2.6,9.4,38.41666666666666
123,30.9,35.1,28.0,1000.0,76,2.3,4.8,11.1,49.29166666666666
124,27.1,34.0,23.5,1002.6,93,1.8,4.8,16.5,19.541666666666668
125,26.7,29.4,25.0,1002.3,92,1.9,4.6,11.1,22.83333333333333
126,26.7,29.0,25.6,1002.4,95,1.6,0.4,3.5,24.291666666666668
127,28.3,34.6,24.6,1003.2,86,2.1,1.7,9.4,74.66666666666667
128,28.7,34.1,25.5,1003.5,83,2.6,9.3,22.2,41.875
129,28.6,33.6,25.0,1005.2,80,3.1,8.1,11.1,50.583333333333336
130,30.3,33.6,26.5,1003.3,67,2.6,13.0,18.3,58.125
131,29.5,34.4,22.2,1005.7,70,3.4,7.0,14.8,57.29166666666666
132,30.6,34.6,25.5,1007.3,60,4.0,8.1,13.0,38.25
133,30.0,35.4,24.0,1005.2,66,2.7,2.8,7.6,56.91666666666666
134,28.3,35.7,23.8,1008.0,75,2.6,9.1,14.8,54.625
135,25.8,34.0,22.2,1008.0,91,1.9,10.9,18.3,42.875
136,28.0,33.2,22.6,1007.8,75,2.7,2.4,7.6,43.333333333333336
137,29.3,35.4,23.2,1008.3,63,2.6,2.0,11.1,41.875
138,28.9,35.5,23.4,1009.1,65,2.3,2.6,11.1,44.41666666666666
139,28.2,34.8,22.2,1008.4,66,2.7,2.6,9.4,41.958333333333336
140,28.7,35.2,22.5,1008.8,63,2.6,0.4,3.5,0.0
141,28.8,35.6,22.5,1008.5,59,2.6,0.4,3.5,0.0
142,26.4,34.6,20.2,1010.0,63,2.3,1.9,7.6,45.75
143,27.5,34.8,20.1,1008.1,63,1.9,2.0,9.4,70.70833333333333
144,27.8,35.3,22.4,1007.4,66,1.9,3.7,9.4,51.79166666666666
145,24.2,31.8,17.3,1011.6,58,2.6,5.4,14.8,11.583333333333334
146,25.7,32.5,17.0,1012.1,58,2.6,3.0,9.4,13.0
147,27.1,34.0,17.8,1011.0,54,2.3,2.8,9.4,156.25
148,26.0,33.8,17.4,1013.8,52,2.4,2.0,7.6,156.0
149,24.5,32.5,15.0,1014.8,58,2.4,2.0,7.6,252.625
150,24.2,32.4,15.8,1016.8,59,2.1,0.6,5.4,119.41666666666669
151,24.2,31.0,15.6,1016.7,62,1.9,2.4,9.4,126.0
152,24.1,31.0,16.0,1015.3,63,1.6,2.2,10.7,232.33333333333331
153,24.1,31.1,16.0,1014.3,65,1.6,5.0,14.4,215.54166666666663
154,24.6,32.0,16.0,1012.1,63,1.6,4.1,7.6,239.41666666666663
155,25.2,31.6,18.5,1011.7,63,1.9,9.4,14.8,196.54166666666663
156,20.3,28.0,12.5,1015.7,44,3.1,8.3,18.3,232.54166666666663
157,18.6,27.8,10.5,1014.7,58,1.4,1.1,3.5,185.5
158,21.9,30.2,14.2,1009.6,74,1.3,4.1,9.4,257.6666666666667
159,22.2,29.4,17.6,1011.4,77,2.3,5.4,14.8,166.875
160,22.2,28.5,16.2,1015.2,67,2.4,4.8,9.4,135.16666666666666
161,19.3,27.9,10.4,1016.4,59,2.9,2.0,9.4,135.58333333333334
162,19.8,27.2,10.5,1016.3,64,2.1,0.7,5.4,152.04166666666666
163,20.8,28.2,10.7,1018.0,65,1.9,0.9,5.4,141.41666666666666
164,19.6,28.0,9.0,1014.6,56,2.4,2.4,11.1,91.75
165,18.9,28.1,8.6,1016.7,58,1.9,3.5,9.4,99.91666666666669
166,17.5,25.1,8.8,1015.7,67,1.9,4.8,22.2,119.70833333333331
167,16.5,24.2,7.6,1016.3,70,1.8,2.8,11.1,110.875
168,17.4,25.0,8.2,1014.9,66,1.8,1.1,7.6,200.33333333333331
169,15.7,21.4,8.0,1022.8,74,1.9,5.9,14.8,25.08333333333333
170,15.3,22.0,8.2,1022.3,78,1.9,5.6,13.0,57.083333333333336
171,14.8,22.3,5.2,1018.9,67,2.1,4.6,11.1,349.2916666666667
172,12.3,22.4,4.0,1017.9,74,1.3,1.1,3.5,188.04166666666663
173,11.3,22.3,4.7,1017.7,82,1.1,3.0,3.5,310.25
174,12.3,19.4,6.2,1016.8,80,1.3,6.7,25.9,204.375
175,11.1,20.6,3.6,1015.7,76,1.3,3.0,9.4,223.25
176,11.6,21.4,3.4,1017.1,76,1.1,2.4,5.4,248.95833333333331
177,12.0,22.9,3.8,1021.2,73,0.8,4.8,25.9,
